-- phpMyAdmin SQL Dump
-- version 5.2.1
-- https://www.phpmyadmin.net/
--
-- Máy chủ: localhost:3306
-- Thời gian đã tạo: Th9 19, 2023 lúc 02:55 AM
-- Phiên bản máy phục vụ: 10.5.20-MariaDB
-- Phiên bản PHP: 7.3.33

SET SQL_MODE = "NO_AUTO_VALUE_ON_ZERO";
START TRANSACTION;
SET time_zone = "+00:00";


/*!40101 SET @OLD_CHARACTER_SET_CLIENT=@@CHARACTER_SET_CLIENT */;
/*!40101 SET @OLD_CHARACTER_SET_RESULTS=@@CHARACTER_SET_RESULTS */;
/*!40101 SET @OLD_COLLATION_CONNECTION=@@COLLATION_CONNECTION */;
/*!40101 SET NAMES utf8mb4 */;

--
-- Cơ sở dữ liệu: `id20706279_quanly_truyen`
--
CREATE DATABASE IF NOT EXISTS `id20706279_quanly_truyen` DEFAULT CHARACTER SET utf8 COLLATE utf8_unicode_ci;
USE `id20706279_quanly_truyen`;

-- --------------------------------------------------------

--
-- Cấu trúc bảng cho bảng `chuong_truyen`
--

CREATE TABLE `chuong_truyen` (
  `id_chuong` int(11) NOT NULL,
  `ten_chuong` varchar(50) CHARACTER SET utf8 COLLATE utf8_general_ci NOT NULL,
  `noi_dung_chuong` text DEFAULT NULL,
  `id_muc_luc_truyen` int(11) DEFAULT NULL
) ENGINE=InnoDB DEFAULT CHARSET=utf8 COLLATE=utf8_unicode_ci;

--
-- Đang đổ dữ liệu cho bảng `chuong_truyen`
--

INSERT INTO `chuong_truyen` (`id_chuong`, `ten_chuong`, `noi_dung_chuong`, `id_muc_luc_truyen`) VALUES
(1, 'Chương mở đầu: Đại hoang', 'Thạch thôn, ở vào Thương Mãng Sơn Mạch bên trong, bốn phía cao phong biển khơi, dãy núi mịt mờ nguy nga.\r\nSáng sớm, ánh bình minh lập lòe, phảng phất toái kim đồng dạng vẩy xuống, đắm chìm trong trên thân người ấm áp.\r\nMột đám con nít, từ bốn, năm tuổi đến mười mấy tuổi không đợi, có thể có vài chục người, tại thôn phía trước trên đất trống đón ánh bình minh, đang tại hanh cáp có tiếng rèn luyện thể phách. Từng trương non nớt mặt nhỏ tràn đầy vẻ nghiêm túc, đứa bé lớn một chút hổ hổ sinh phong, nhỏ một chút cũng khoa tay múa chân ra dáng.\r\nMột cái cơ thể cường kiện như hổ báo nam tử trung niên, mặc áo da thú, làn da màu đồng cổ, tóc đen xõa, sáng ngời có thần đôi mắt đảo qua mỗi một cái hài tử, đang nghiêm túc chỉ điểm bọn hắn.\r\n“ Minh bạch!” Một đám con nít trung khí mười phần, lớn tiếng đáp lại.\r\nTrong núi nhiều sinh vật tiền sử qua lại, thường có che đậy thiên không chi cánh lớn ngang qua, trên mặt đất bỏ ra mảng lớn bóng tối, cũng có hoang thú đứng ở trên đỉnh, Thôn Nguyệt mà rít gào, càng ít không được đủ loại độc trùng phục hành, đáng sợ dị thường.\r\nĐây là một cái hài tử rất nhỏ, chỉ có một hai tuổi dáng vẻ, vừa học được đi đường không có mấy tháng, cũng tại đi theo rèn luyện thể phách. Rõ ràng, hắn là chính mình lại gần, xen lẫn trong lớn tuổi trong hài tử, rõ ràng còn không nên xuất hiện tại trong đội ngũ này.\r\n“ Hanh hanh cáp hắc!” Tiểu gia hỏa trong miệng lên tiếng, nộn nộn tay nhỏ cánh tay ra sức huy động, bắt chước bọn thằng bé lớn động tác, thế nhưng là hắn quá mức bé nhỏ, động tác xiêu xiêu vẹo vẹo, lại đi lại tập tễnh, đung đưa, lại thêm khóe miệng ở giữa lưu lại sữa màu trắng, làm cho người bật cười.\r\nMột đám đại hài tử nhìn xem hắn, tất cả nháy mắt ra hiệu, để cho nguyên bản nghiêm túc luyện công buổi sáng bầu không khí nhẹ nhàng chậm chạp không ít.\r\nTiểu bất điểm dáng dấp rất trắng mịn cùng xinh đẹp, mắt đen to dạo chơi chuyển động, cả người như là cái sứ trắng búp bê, rất khả ái, non nớt động tác, trong miệng y y nha nha, ngây thơ chân thành. Cái này khiến một mảnh khác trong sân xếp bằng ở từng khối trên đá lớn đang tại phun ra nuốt vào thiên tinh một ít lão nhân cũng đều lộ ra nụ cười.\r\nChính là những cái kia thân hình cao lớn khôi ngô, ở trần, gân bắp thịt ánh sáng đồng thời nhô lên các nam tử trưởng thành, cũng đều nhìn sang, mang theo ý cười. Bọn hắn là trong thôn cường tráng nhất người, là đi săn cùng thủ hộ cái này thôn làng lực lượng trọng yếu nhất, cũng đều tại rèn thể, có người nắm không biết tên cự thú xương cốt rèn luyện mà thành bạch cốt đại bổng, cũng có người nắm lấy kim loại đen đúc thành kiếm bản rộng, dùng sức vũ động, tiếng gió như sấm.\r\nHoàn cảnh sinh tồn cực kỳ ác liệt, nhiều Hồng Hoang mãnh thú độc trùng, vì đồ ăn, vì sinh tồn, rất nhiều nam tử còn vị thành niên liền chết yểu quá sớm ở trong đại hoang, muốn sống sót, chỉ có cường tráng bản thân. Sáng sớm chăm chỉ học tập, vô luận là người trưởng thành, hoặc là lão nhân cùng hài tử, đây là mỗi người thuở nhỏ đã đã thành thói quen.\r\n“ Hồi tâm!” Phụ trách đốc xúc cùng chỉ đạo hài tử luyện công nam tử trung niên la lớn. Một đám con nít nhanh chóng nghiêm túc, tiếp tục tại nhu hòa cùng rực rỡ trong ánh ban mai rèn luyện.\r\n“ Hô …… Ê a, mệt mỏi.” Tiểu bất điểm thở phào một cái, một cái rắm đôn nhi ngồi trên mặt đất, nhìn xem bọn hài tử lớn rèn luyện thể phách. Nhưng vẻn vẹn không lâu sau hắn liền bị phân tán lực chú ý, đứng dậy, đung đưa, phóng tới cách đó không xa một cái đang tại hoạt bát Ngũ Sắc Tước, kết quả gập ghềnh, liên tục ngã mấy cái cái rắm đôn nhi, Ngược lại cũng không khóc, thở phì phì, lẩm bẩm đứng lên đuổi nữa.\r\n“ Tốt, thu công!”\r\nTheo hét lớn một tiếng, tất cả đứa bé đều một hồi reo hò, vuốt vuốt tay chân đau nhức, sau đó lập tức giải tán, phóng tới nhà của mỗi người, chuẩn bị ăn điểm tâm.\r\nCác lão nhân đều cười, từ trên đá lớn đứng dậy. Mà những cái kia dáng người cường tráng như hổ người trưởng thành nhưng là một hồi cười mắng, quở trách con của mình, mang theo cốt bổng cùng kiếm bản rộng cũng sắp bước tới từ trong nhà đi đến.\r\nThạch thôn không phải rất lớn, nam nữ già trẻ cộng lại có thể có hơn ba trăm người, gian phòng cũng là cự thạch xây thành, đơn giản mà tự nhiên.\r\n“ Úc, lại có Thổ Long thịt, cho ta một khối!”\r\nNếu có lựa chọn, thôn nhân là không muốn vào núi. Bởi vì lên núi liền mang ý nghĩa có thể sẽ có đổ máu cùng hi sinh.\r\nĐồ ăn đối với bọn hắn tới nói vô cùng quý giá, không cho phép lãng phí, mỗi một cái hài tử từ nhỏ đã biết được điểm này, đói khát, đồ ăn, đi săn, tính mệnh, máu tươi những này là tương liên .\r\nKhông bao lâu, lão nhân hô: “ Tiểu bất điểm, tới ăn cái gì.”\r\nTiểu bất điểm tại nửa tuổi lúc liền đã mất đi phụ mẫu, là ăn sữa bách thú lớn lên, bây giờ đã một tuổi lẻ mấy tháng, nếu là hài tử tầm thường sớm nên dứt sữa, mà hắn nhưng như cũ ăn rất ngon ngọt, không chịu đứt rời, thường bị đứa bé lớn một chút giễu cợt.\r\n“ Tiểu bất điểm bú sữa đi!” Một đám đại hài tử gây rối.\r\n“ Ngô, tối hôm qua ta bị đánh thức mấy lần, xương da phát lạnh, nhất định là có cái gì Hồng Hoang hung thú cùng con cọp từ nơi này đi ngang qua.”\r\nVài tên lão nhân tuần tự mở miệng, bọn hắn hoặc nhíu mày hoặc suy nghĩ sâu sắc, thảo luận gần nhất một chút triệu chứng nguy hiểm, cảm thấy có khác biệt chuyện tầm thường xảy ra.\r\n“ Sẽ không phải là ra khỏi núi bảo a?” Một lão nhân lập tức trợn tròn tròng mắt, UUKANSHU đọc sách www.uukanshu.com râu tóc đều dựng, lộ ra kinh sợ.\r\nNhững người khác cũng đều lộ ra sắc mặt khác thường, ánh mắt lửa nóng, nhưng rất nhanh cũng đều dập tắt trong tròng mắt hỏa diễm, loại đồ vật này không phải bọn hắn có thể có được, ở xa sơn mạch chỗ sâu nhất, không có người tiến đi.\r\nQua nhiều năm như vậy chưa bao giờ có người có thể còn sống ra vào một chuyến, trong núi đủ loại cường hoành giống loài qua lại, cho dù Thạch thôn mọi người cùng xông, cũng liền một đóa bọt nước cũng sẽ không nổi lên.\r\n“ Gần nhất có chút không yên ổn a.” Lão tộc trưởng Thạch Vân Phong nhíu mày.\r\n“ Thế nhưng là đồ ăn thật sự không nhiều lắm.” Thạch Lâm Hổ nói, hắn dáng người cực kỳ cao lớn, 2m có thừa, cõng một ngụm hơn 300 cân kiếm bản rộng, cả người tráng giống như một đầu nhân hùng, toàn thân cổ đồng sắc cơ bắp từng khối, như từng cái xà mãng đang du động.\r\n“ Các trẻ em cần lớn thân thể, không thể bị đói, phải nghĩ chút biện pháp.” Có lão nhân mở miệng.\r\n“ Mặc dù ban đêm không yên tĩnh, nhưng ban ngày ngược lại là không có cái gì dị thường, ta mang một số người ra ngoài, cẩn thận một chút cũng không có vấn đề.” Thạch Lâm Hổ nói.\r\nCuối cùng, mấy chục tên thanh tráng niên nam tử tại đầu thôn tụ tập, từ tộc trưởng Thạch Vân Phong mang theo đi tới bên cạnh lôi kích mộc phía trước, hướng về phía lão liễu thụ nghiêm túc cầu nguyện.\r\n“ Tế Linh, xin phù hộ tộc nhân, để cho bọn nhỏ đánh tới con mồi mập béo, bình an trở về. Chúng ta sẽ lấy lòng thành kính, đời đời tế tự cùng phụng dưỡng ngươi.”', 1),
(2, 'Chương 1: Triều phí phồn thịnh', 'Sáng sớm, ánh bình minh lập lòe, phảng phất toái kim đồng dạng vẩy xuống, đắm chìm trong trên thân người ấm áp.\r\nMột đám con nít, từ bốn, năm tuổi đến mười mấy tuổi không đợi, có thể có vài chục người, tại thôn phía trước trên đất trống đón ánh bình minh, đang tại hanh cáp có tiếng rèn luyện thể phách. Từng trương non nớt mặt nhỏ tràn đầy vẻ nghiêm túc, đứa bé lớn một chút hổ hổ sinh phong, nhỏ một chút cũng khoa tay múa chân ra dáng.\r\nMột cái cơ thể cường kiện như hổ báo nam tử trung niên, mặc áo da thú, làn da màu đồng cổ, tóc đen xõa, sáng ngời có thần đôi mắt đảo qua mỗi một cái hài tử, đang nghiêm túc chỉ điểm bọn hắn.\r\n“ Thái Dương mới lên, vạn vật ban đầu, sinh chi khí thịnh nhất, mặc dù không thể như trong truyền thuyết như vậy cơm hà thực khí, nhưng dạng này nghênh hà rèn thể từ cũng có chỗ tốt cực lớn, nhưng tràn đầy nhân thể sinh cơ. Một ngày kế sách ở chỗ Thần, mỗi ngày sáng sớm dùng nhiều công, cường cân tráng cốt, lưu thông máu luyện gân, tương lai mới có thể tại trong Thương Mãng Sơn Mạch này có việc mệnh tiền vốn.” Đứng ở phía trước, chỉ điểm một đám con nít nam tử trung niên một mặt nghiêm túc, nghiêm túc khuyên bảo, sau đó lại quát lên: “ Các ngươi hiểu chưa?”\r\n“ Minh bạch!” Một đám con nít trung khí mười phần, lớn tiếng đáp lại.\r\nTrong núi nhiều sinh vật tiền sử qua lại, thường có che đậy thiên không chi cánh lớn ngang qua, trên mặt đất bỏ ra mảng lớn bóng tối, cũng có hoang thú đứng ở trên đỉnh, Thôn Nguyệt mà rít gào, càng ít không được đủ loại độc trùng phục hành, đáng sợ dị thường.\r\n“ Minh bạch nha.” Một cái rõ ràng thất thần, chậm nửa nhịp tiểu gia hỏa nãi thanh nãi khí kêu lên.\r\nChính là những cái kia thân hình cao lớn khôi ngô, ở trần, gân bắp thịt ánh sáng đồng thời nhô lên các nam tử trưởng thành, cũng đều nhìn sang, mang theo ý cười. Bọn hắn là trong thôn cường tráng nhất người, là đi săn cùng thủ hộ cái này thôn làng lực lượng trọng yếu nhất, cũng đều tại rèn thể, có người nắm không biết tên cự thú xương cốt rèn luyện mà thành bạch cốt đại bổng, cũng có người nắm lấy kim loại đen đúc thành kiếm bản rộng, dùng sức vũ động, tiếng gió như sấm.\r\nHoàn cảnh sinh tồn cực kỳ ác liệt, nhiều Hồng Hoang mãnh thú độc trùng, vì đồ ăn, vì sinh tồn, rất nhiều nam tử còn vị thành niên liền chết yểu quá sớm ở trong đại hoang, muốn sống sót, chỉ có cường tráng bản thân. Sáng sớm chăm chỉ học tập, vô luận là người trưởng thành, hoặc là lão nhân cùng hài tử, đây là mỗi người thuở nhỏ đã đã thành thói quen.\r\n“ Hô …… Ê a, mệt mỏi.” Tiểu bất điểm thở phào một cái, một cái rắm đôn nhi ngồi trên mặt đất, nhìn xem bọn hài tử lớn rèn luyện thể phách. Nhưng vẻn vẹn không lâu sau hắn liền bị phân tán lực chú ý, đứng dậy, đung đưa, phóng tới cách đó không xa một cái đang tại hoạt bát Ngũ Sắc Tước, kết quả gập ghềnh, liên tục ngã mấy cái cái rắm đôn nhi, Ngược lại cũng không khóc, thở phì phì, lẩm bẩm đứng lên đuổi nữa.\r\n“ Tốt, thu công!”\r\nTheo hét lớn một tiếng, tất cả đứa bé đều một hồi reo hò, vuốt vuốt tay chân đau nhức, sau đó lập tức giải tán, phóng tới nhà của mỗi người, chuẩn bị ăn điểm tâm.\r\nCác lão nhân đều cười, từ trên đá lớn đứng dậy. Mà những cái kia dáng người cường tráng như hổ người trưởng thành nhưng là một hồi cười mắng, quở trách con của mình, mang theo cốt bổng cùng kiếm bản rộng cũng sắp bước tới từ trong nhà đi đến.\r\nThạch thôn không phải rất lớn, nam nữ già trẻ cộng lại có thể có hơn ba trăm người, gian phòng cũng là cự thạch xây thành, đơn giản mà tự nhiên.\r\nTại đầu thôn có một đoạn cực lớn lôi kích mộc, đường kính mười mấy mét, lúc này trụ cột bên trên duy nhất đầu đã đang hướng hà bên trong che giấu oánh quang, trở nên bình thường.\r\n“ Úc, lại có Thổ Long thịt, cho ta một khối!”\r\nTiểu bất điểm tại nửa tuổi lúc liền đã mất đi phụ mẫu, là ăn sữa bách thú lớn lên, bây giờ đã một tuổi lẻ mấy tháng, nếu là hài tử tầm thường sớm nên dứt sữa, mà hắn nhưng như cũ ăn rất ngon ngọt, không chịu đứt rời, thường bị đứa bé lớn một chút giễu cợt.\r\n“ Ê a, hô …… Chạy không nổi rồi.” Hắn một mực tại kiên nhẫn không bỏ truy cái kia Ngũ Sắc Tước, sớm đã thở hồng hộc, lúc này đặt mông ngồi trên mặt đất.\r\n“ Tiểu bất điểm bú sữa đi!” Một đám đại hài tử gây rối.\r\n“ Các ngươi cái này quần tiểu Bì Hầu tử, còn không cũng là từ hắn ở độ tuổi này tới.” Lão tộc trưởng cười mắng.\r\nĐối mặt thằng bé lớn giễu cợt, tiểu bất điểm cười ngu ngơ lấy, đen bóng mắt to híp lại thành hình trăng lưỡi liềm, không thèm quan tâm, ngồi ở bình gốm phía trước dùng thìa gỗ múc sữa, ăn rất ngon ngọt.\r\nĐiểm tâm đi qua, trong thôn vài tên tuổi rất lớn lão nhân cùng tới đến tộc trưởng Thạch Vân Phong trong sân, mặc dù sớm đã râu tóc bạc phơ, nhưng tinh khí thần đều rất đủ.\r\nNhững người khác cũng đều lộ ra sắc mặt khác thường, ánh mắt lửa nóng, nhưng rất nhanh cũng đều dập tắt trong tròng mắt hỏa diễm, loại đồ vật này không phải bọn hắn có thể có được, ở xa sơn mạch chỗ sâu nhất, không có người tiến đi.\r\nQua nhiều năm như vậy chưa bao giờ có người có thể còn sống ra vào một chuyến, trong núi đủ loại cường hoành giống loài qua lại, cho dù Thạch thôn mọi người cùng xông, cũng liền một đóa bọt nước cũng sẽ không nổi lên.\r\n“ Các trẻ em cần lớn thân thể, không thể bị đói, phải nghĩ chút biện pháp.” Có lão nhân mở miệng.\r\n“ Mặc dù ban đêm không yên tĩnh, nhưng ban ngày ngược lại là không có cái gì dị thường, ta mang một số người ra ngoài, cẩn thận một chút cũng không có vấn đề.” Thạch Lâm Hổ nói.\r\n', 1),
(3, 'Chương 1: Trong tinh không thanh đồng cự quan', 'Vũ trụ mênh mông, trời sao vô ngần, rất nhiều nhà khoa học phỏng đoán, Địa Cầu có thể là duy nhất nơi bắt nguồn sinh mệnh.\r\nNhân loại kỳ thực rất cô độc. Tại bao la trên bầu trời, mặc dù có ức vạn tinh thần, thế nhưng là rất khó tìm được viên thứ hai sinh mệnh nguyên tinh.\r\nNgười lữ hành số hai là một chiếc không người tàu thăm dò vũ trụ, tại Năm 1977 tại nước Mỹ Kennedy hàng không vũ trụ trung tâm phóng lên không.\r\nNó phía trên mang theo một tờ chủ đề là “Hướng vũ trụ thăm hỏi” đĩa nhạc mạ vàng, bên trong bao hàm một chút lưu hành âm nhạc và dùng Địa Cầu năm mươi lăm loại ngôn ngữ thu lời hỏi thăm, lấy hi vọng có một ngày bị có thể tồn tại văn minh ở tinh cầu khác chặn lại cùng thu đến.\r\nTừ trên thế kỷ thời năm 1970 đến bây giờ, người lữ hành số hai một mực tại cô độc lữ hành, tại trong vũ trụ mịt mờ nó như một hạt bụi nhỏ bé.\r\nCùng thời đại tàu thăm dò vũ trụ, phần lớn hoặc đã phát sinh trục trặc, hoặc đã trúng đánh gãy tín hiệu liên hệ, vĩnh viễn biến mất ở trong vũ trụ cô quạnh.\r\nNhưng dù cho như thế, tại trong khoảng thời gian khá dài, kiểu mới tàu thăm dò vũ trụ vẫn như cũ không cách nào đuổi kịp người lữ hành số hai bước chân.\r\nGiờ này khắc này, nó đã đạt đến tốc độ vũ trụ cấp ba, quỹ đạo cũng đã không thể dẫn dắt hắn bay về Thái Dương Hệ, trở thành một chiếc tinh tế tàu không gian.\r\nTrong vũ trụ lạnh lẽo tối tăm, đầy sao lấp lánh, giống như từng khỏa kim cương trong suốt khảm nạm ở trên tấm màn đen.\r\nHơn ba mươi năm đi qua sau, ngay tại hôm nay giờ khắc này, người lữ hành số hai có phát hiện kinh người!\r\nTại trong vũ trụ cô quạnh, chín bộ thi thể khổng lồ lẳng lặng nằm ở nơi nào......\r\nNăm 2010 ngày hai mươi hai tháng năm, nước Mỹ cục du hành vũ trụ tiếp thu được người lữ hành số hai truyền tống về một tổ thần bí số liệu tin tức, đi qua chật vật giải mã cùng trả lại như cũ, bọn hắn thấy được một bức hình ảnh không thể tưởng tượng.\r\nTại thời khắc này cục du hành vũ trụ bên trong phòng điều khiển chính tất cả mọi người đồng thời biến sắc, cuối cùng giống như tượng gỗ không nhúc nhích, bọn hắn khiếp sợ đến mức độ không còn gì hơn!\r\n“Thượng đế, ta thấy được cái gì?”\r\n“Cái này sao có thể, không thể tin được!”\r\n......\r\nNgười lữ hành số hai sớm đã không nhận dẫn đạo, chỉ có thể tiến thẳng về phía trước, truyền tống về nhóm này thần bí số liệu tin tức sau, ở mảnh này đen như mực không gian vũ trụ vội vàng mà qua, lái về phía càng thêm u ám cùng sâu xa tinh vực.\r\nBởi vì vùng tinh không kia quá xa xôi, dù cho có phát hiện trọng đại, bắt được một bức rung động tính hình ảnh, nhân loại trước mắt cũng không có thể ra sức.\r\nNhóm này tin tức thần bí cũng không có công bố ra ngoài. Mà sau đó không lâu, người lữ hành số hai xảy ra trục trặc, bên trong gãy mất cùng Địa Cầu tín hiệu truyền tống.\r\nVô luận là đối với tinh không quan trắc cùng tìm tòi, vẫn là tiến hành sinh mệnh cùng vật lý khoa học nghiên cứu, trạm không gian đều có đến trời ban ưu việt hoàn cảnh.\r\nCho đến ngày nay, thần tồn tại, đã bị phủ định từ lâu. Nếu như còn có người tiếp tục tín ngưỡng, đó cũng chỉ là bởi vì tâm linh trống rỗng mà tìm kiếm một phần ký thác mà thôi.\r\nNhưng mà ngay một khắc này, vài tên du hành vũ trụ tinh anh tư tưởng nhận lấy trùng kích cường liệt, bọn hắn thấy được một bức hình ảnh không thể tưởng tượng.\r\nTại trạm không gian quốc tế bên ngoài, băng lãnh cùng hắc ám cùng tồn tại trong vũ trụ, chín cái quái vật khổng lồ không nhúc nhích, phảng phất tuyên cổ đã nằm ở nơi nào, khiến người ta cảm thấy vô tận thê lương cùng lâu đời, đó lại là chín bộ long thi!\r\nCùng rồng ở trong cổ đại thần thoại truyền thuyết không khác nhau chút nào.\r\nMỗi bộ long thi đều dài đến trăm mét, giống như nước thép đúc thành, tràn đầy cảm giác lực lượng chấn động.\r\nChín bộ long thi đều là ngũ trảo hắc long, ngoại trừ sừng rồng óng ánh trong suốt, ánh tím lóng lánh bên ngoài, long thân toàn thân có màu đen, ô quang nhấp nháy, lân phiến lấp lóe trong bóng tối một chút điểm thần bí ánh sáng.\r\nLong, tồn tại trong truyền thuyết, cùng thần cùng tồn tại, áp đảo quy luật tự nhiên phía trên. Nhưng mà, khoa học phát triển đến bây giờ, còn có ai sẽ tin tưởng long thật tồn tại?\r\nTrạm không gian quốc tế bên trong vài tên phi hành gia, tư tưởng nhận lấy đả kích cường liệt, nhìn thấy trước mắt để cho bọn hắn cảm giác không thể tưởng tượng nổi!\r\nVũ trụ cô quạnh bên trong, băng lãnh long thi giống như không thể phá hủy sắt thép Trường Thành, thậm chí có thể cảm thấy trong thi thể ẩn chứa lực lượng kinh khủng.\r\nChỉ là, bọn chúng đã mất đi sinh khí, vĩnh viễn nghỉ ngơi ở u lãnh trong không gian vũ trụ.\r\n“Đó là......”\r\nBị rung động thật sâu đi qua, vài tên du hành vũ trụ tinh anh con ngươi lần nữa gấp gáp co vào, bọn hắn thấy được càng thêm để cho người ta khiếp sợ hình ảnh.\r\nChín bộ long thi đều dài đến trăm mét, ở phần đuôi tất cả trói chặt lấy to cở miệng chén xích sắt màu đen, nối tới chín bộ long thi sau lưng cái kia mảnh hắc ám không gian vũ trụ, ở nơi đó lẳng lặng treo lấy một ngụm dài đến hai mươi mét quan tài đồng.\r\nCự tác thiên chuy bách luyện, to dài và kiên cố, điểm điểm ô quang làm nó lộ ra âm hàn vô cùng.\r\nChín con rồng kéo hòm quan tài!\r\nTại cái này đen như mực và trong vũ trụ lạnh lẽo, chín bộ long thi cùng thanh đồng cự quan bị to dài xích sắt màu đen liền cùng một chỗ, lộ ra cực kỳ rung động.\r\nTại đối mặt cái kia không thể tưởng tượng nổi hình ảnh theo dõi sau một lúc thất thần, vài tên du hành vũ trụ tinh anh trước tiên phát ra tín hiệu kêu gọi.\r\n“Kêu gọi Địa Cầu......”', 2),
(5, 'Chương 2: Cốt văn', 'Đưa mắt nhìn đội ngũ săn thú rời đi, lão tộc trưởng Thạch Vân Phong dẫn một đám con nít đi tới đầu thôn trên đồng cỏ, ngồi xếp bằng xuống, nói: “Tốt, các ngươi bọn này Bì Hầu tử cũng nên chăm chỉ học tập học tập.”\r\nMột đám con nít lập tức sầu mi khổ kiểm, từng cái buồn bã ỉu xìu, bất đắc dĩ ngồi quanh ở bốn phía, giống như là phơi khô lá cây.\r\n“Tộc trưởng gia gia, những cái kia điểu văn quy chữ giống quỷ quái phù phức tạp, thực sự khó học, dụng tâm nhớ nó làm cái gì?”\r\n“Đúng thế, còn không bằng cha dạy ta tiễn pháp hữu dụng đâu!”\r\nMột đám con nít tất cả đều là mặt khổ qua, rất mâu thuẫn.\r\n“Các ngươi bọn này oa tử thật không hiểu lí lẽ, cốt văn là cường hoành Thái Cổ di chủng trời sinh hiển hóa tại trong xương cốt ký hiệu, ẩn chứa sức mạnh bí ẩn khó lường, bao nhiêu người muốn học cũng không có phương pháp. Một khi học có thành tựu, không biết sẽ so với các ngươi bậc cha chú mạnh mẽ bao nhiêu lần.” Lão tộc trưởng chỉ tiếc rèn sắt không thành thép, quở trách bọn hắn.\r\n“Tộc trưởng gia gia, ngươi vì chúng ta biểu diễn một lượt cốt văn sức mạnh a.” Có một cái hơi lớn chút hài tử nói.\r\n“Tiểu bất điểm tới.” Tộc trưởng hướng về phía nơi xa hô.\r\nTiểu bất điểm đuổi xong Ngũ Sắc Tước sau đang tại ra sức lôi kéo một đầu con chó vàng cái đuôi, nghe vậy mơ hồ quay đầu, buông tay ra sau hùng hục chạy tới, trát động sáng tỏ mắt to, nói: “Y a y a, tộc trưởng gia gia chuyện gì nha?”\r\n“Đem ta dạy ngươi cái kia cốt văn sử dụng được.” Thạch Vân Phong nói.\r\n“Tốt lắm.” Tiểu bất điểm rất nghe lời, duỗi ra hai cái tay nhỏ, ngậm miệng lại, toàn thân không ngừng dùng sức, bịt khuôn mặt nhỏ đều hồng phác phác.\r\n“Ông” một tiếng, lòng bàn tay của hắn xuất hiện một khối ánh sáng, hiện ra một cái chữ kỳ quái, giống như là lấy kim loại đúc thành, có một loại kim loại sáng bóng cùng khuynh hướng cảm xúc, rất nhanh một cái tay khác cũng xuất hiện.\r\nTiểu bất điểm tiến lên đi hai bước, đem một khối còn cao hơn hắn đá xanh bế lên.\r\n“Thật lợi hại!” Một đám con nít kinh hô, đó mới là một cái hơn một tuổi tiểu gia hỏa, sao có thể dời lên một khối đá không nhỏ như vậy?\r\n“Tiểu bất điểm ngươi đem bú sữa mẹ khí lực đều dùng đi ra rồi hả?” Đại hài tử đùa hắn.\r\n“Tộc trưởng gia gia, đây chính là ngươi mười mấy năm qua nghiên cứu thần bí cốt văn sức mạnh?” Một đám con nít hai mắt tỏa sáng, cùng trước đây không lâu không hứng thú lắm bộ dáng hoàn toàn khác biệt.\r\nTrong thạch thôn tất cả mọi người đều biết, lão tộc lúc tuổi còn trẻ từng cùng trong thôn mười mấy cái cường đại tộc nhân đi qua xa xôi đại địa phần cuối, tại ngoại giới xông xáo qua.\r\nThẳng đến năm gần đây lão tộc trưởng nghiên cứu hoà hoãn lại, mới không thể nào lệnh thôn nhân sợ hãi. Hơn nữa, vậy ăn sữa bách thú cùng cơm trăm nhà lớn lên tiểu bất điểm bị hắn nhận nuôi , Trở thành thí sinh nghiên cứu tốt nhất.\r\n“Ngoại giới a......” Lão nhân lộ ra vẻ hồi ức, ngơ ngẩn xuất thần cùng buồn vô cớ sau mới nói: “Thế giới quá lớn, mênh mông vô ngần, từ một vực đến một vực khác động một tí đến trăm vạn dặm, không có người biết chân chính có cỡ nào rộng lớn, một người đi bộ đi lên cả một đời chạy không thoát một vực chi địa, đại hoang mênh mông vô tận. Nhân tộc khác biệt địa vực ở giữa rất khó thông tin qua lại, bởi vì thực sự quá nguy hiểm, đại địa bên trên cường hoành giống loài rất nhiều, đáng sợ mà thần bí, dù cho là mấy trăm ngàn người bộ lạc hoặc hùng vĩ cự thành, cũng có thể là tại trong vòng một đêm bị vài đầu Thái Cổ di chủng hủy đi. Đương nhiên, cũng có cường đại đến khó có thể tưởng tượng nhân loại, sánh ngang những giống loài khác tuyệt đỉnh chiến lực, thần uy vô song, có thể coi là nhân tộc thiên kiêu.”\r\nMột đám con nít lòng có kính sợ, đồng thời cũng rất hướng tới, đối với không biết thế giới cảm thấy hiếu kỳ, có người hỏi: “Đại địa sông núi ở giữa có có thể khiến người ta một đêm thoát thai hoán cốt địa bảo cùng tiên dược sao, nhân tộc lợi hại nhất thiên kiêu lớn đến mức nào uy thế?”\r\nLão nhân cười, nói: “Muốn biết liền để chính mình trước tiên cường đại lên.”\r\n“Chúng ta nếu như nắm giữ lực lượng thần bí của cốt văn, liền có thể đi tung hoành thiên hạ các vực sao?” Có chút hài tử lộ ra vẻ mơ ước.\r\nTất cả đứa bé đều ngẩn người.\r\n“Ta có thể làm được chỉ là đem các ngươi dẫn lên lộ, về sau đến tột cùng đi đến một bước kia muốn nhìn chính các ngươi, ta dạy cho đồ đạc của các ngươi hẳn sẽ không so ngoại giới hài tử cùng lứa học được kém.” Lão nhân nói xong lời cuối cùng, ánh mắt lộ ra dị quang, sờ lên trong ngực một khối ngọc cốt kỳ dị.\r\nMột đám con nít ngồi quanh ở bên người lão tộc trưởng, cuối cùng hồi tâm, bắt đầu nghiêm túc lắng nghe lời dạy dỗ, mãi cho đến buổi trưa mới tán đi.\r\n“Quá khó khăn, tộc trưởng lại còn nói muốn mấy năm mới có một người khác có thể đem một chút cốt văn hóa nhập thể nội, mà đại đa số người có thể vĩnh viễn sẽ không thành công.”\r\n“Thế nhưng là tiểu bất điểm mới đậu đinh lớn như vậy, hắn thế mà làm được.”\r\nTiểu bất điểm rất vô tội chớp mắt to, sau đó lại đi lôi kéo đầu kia con chó vàng cái đuôi, con chó vàng thì càng vô tội kêu gâu gâu.\r\nMặt trời đỏ rơi về phía tây, tại trong ánh nắng chiều, toàn bộ Thạch thôn đều bị nhiễm lên một tầng hào quang vàng nhạt, nơi xa vượn gầm hổ khiếu, mà ở trong đó mảng lớn thạch ốc lại tựa như viễn cổ thần miếu giống như thần thánh, tường an.\r\nHơn mười người xuất hiện ở cuối chân trời bên trên, bị trời chiều trên mặt đất lôi kéo ra bóng thật dài, mà thân thể hình dáng thì bị ráng chiều khảm lên từng đạo viền vàng, lộ ra vô cùng cao lớn cùng khoẻ mạnh, cơ hồ mỗi người đều kéo lấy một đầu mãnh thú to lớn, thắng lợi trở về.\r\n“Trở về !” Sớm đã đứng tại đầu thôn chờ đợi đã lâu một đám phụ nữ trẻ em một hồi reo hò, bất an trong lòng cùng hoảng hốt lập tức biến mất, lớn tiếng la lên.\r\n“Cha bọn hắn bình an trở về !”\r\nLần này đi săn vô cùng thành công, mấy chục tên nam tử trưởng thành đều có sở hoạch, trong con mồi có hình thể khổng lồ Long Giác Tượng, có giống như ngưu một chân Quỳ Thú, còn có cỡ thùng nước đồng thời sinh ra hai cánh Phi Mãng......\r\nTỉ như cái kia Long Giác Tượng, thân voi cứng như sắt, mâu sắt đều khó mà đâm thủng, một đôi sừng rồng càng là sắc bén như kim cương đao, có thể đem cự thạch dễ dàng nát bấy. Mà cái kia Quỳ Thú kỳ âm như sấm, nếu tại phụ cận, có thể đem người sống đánh chết. Đến nỗi cái kia lặc sinh cánh lớn Phi Mãng nhưng là sơn lâm sát thủ, có thể đột nhiên từ một cái ngọn núi đánh giết xuống, cực kỳ đáng sợ.\r\n“Lần này thật sự mười phần may mắn, chúng ta thắng lợi trở về, lại không có một người thụ thương.” Trong đội ngũ săn thú đầu lĩnh Thạch Lâm Hổ thoải mái cười to, hướng tộc trưởng cùng thôn nhân giảng giải. Mấy ngày nay ban đêm, trong dãy núi có siêu cấp cự thú đi ngang qua, đất rung núi chuyển, giẫm chết, đạp đả thương rất nhiều Sơn thú, ban ngày bọn hắn một đường truy tung, đánh chết không thiếu trọng thương hung thú, những thứ này vào ngày thường cũng phải cần thôn nhân tránh né sinh vật mạnh mẽ.\r\n“Trong núi có chút lớn dấu chân hình dạng giống chân người, nhưng mà thật sự quá lớn, chừng gần trăm mét dài!”\r\nBất kể nói gì, đây là một lần thu hoạch lớn, tộc nhân đều lòng tràn đầy vui vẻ, trong thạch thôn tràn đầy tiếng hài tử cười đùa, tưng bừng vui sướng bầu không khí.', 1),
(6, 'Chương 3: Tế Linh', 'Thạch thôn, ở vào Thương Mãng Sơn Mạch bên trong, bốn phía cao phong biển khơi, dãy núi mịt mờ nguy nga.\r\nSáng sớm, ánh bình minh lập lòe, phảng phất toái kim đồng dạng vẩy xuống, đắm chìm trong trên thân người ấm áp.\r\nMột đám con nít, từ bốn, năm tuổi đến mười mấy tuổi không đợi, có thể có vài chục người, tại thôn phía trước trên đất trống đón ánh bình minh, đang tại hanh cáp có tiếng rèn luyện thể phách. Từng trương non nớt mặt nhỏ tràn đầy vẻ nghiêm túc, đứa bé lớn một chút hổ hổ sinh phong, nhỏ một chút cũng khoa tay múa chân ra dáng.\r\nMột cái cơ thể cường kiện như hổ báo nam tử trung niên, mặc áo da thú, làn da màu đồng cổ, tóc đen xõa, sáng ngời có thần đôi mắt đảo qua mỗi một cái hài tử, đang nghiêm túc chỉ điểm bọn hắn.\r\n“ Minh bạch!” Một đám con nít trung khí mười phần, lớn tiếng đáp lại.\r\nTrong núi nhiều sinh vật tiền sử qua lại, thường có che đậy thiên không chi cánh lớn ngang qua, trên mặt đất bỏ ra mảng lớn bóng tối, cũng có hoang thú đứng ở trên đỉnh, Thôn Nguyệt mà rít gào, càng ít không được đủ loại độc trùng phục hành, đáng sợ dị thường.\r\nĐây là một cái hài tử rất nhỏ, chỉ có một hai tuổi dáng vẻ, vừa học được đi đường không có mấy tháng, cũng tại đi theo rèn luyện thể phách. Rõ ràng, hắn là chính mình lại gần, xen lẫn trong lớn tuổi trong hài tử, rõ ràng còn không nên xuất hiện tại trong đội ngũ này.\r\n“ Hanh hanh cáp hắc!” Tiểu gia hỏa trong miệng lên tiếng, nộn nộn tay nhỏ cánh tay ra sức huy động, bắt chước bọn thằng bé lớn động tác, thế nhưng là hắn quá mức bé nhỏ, động tác xiêu xiêu vẹo vẹo, lại đi lại tập tễnh, đung đưa, lại thêm khóe miệng ở giữa lưu lại sữa màu trắng, làm cho người bật cười.\r\nMột đám đại hài tử nhìn xem hắn, tất cả nháy mắt ra hiệu, để cho nguyên bản nghiêm túc luyện công buổi sáng bầu không khí nhẹ nhàng chậm chạp không ít.\r\nTiểu bất điểm dáng dấp rất trắng mịn cùng xinh đẹp, mắt đen to dạo chơi chuyển động, cả người như là cái sứ trắng búp bê, rất khả ái, non nớt động tác, trong miệng y y nha nha, ngây thơ chân thành. Cái này khiến một mảnh khác trong sân xếp bằng ở từng khối trên đá lớn đang tại phun ra nuốt vào thiên tinh một ít lão nhân cũng đều lộ ra nụ cười.\r\nChính là những cái kia thân hình cao lớn khôi ngô, ở trần, gân bắp thịt ánh sáng đồng thời nhô lên các nam tử trưởng thành, cũng đều nhìn sang, mang theo ý cười. Bọn hắn là trong thôn cường tráng nhất người, là đi săn cùng thủ hộ cái này thôn làng lực lượng trọng yếu nhất, cũng đều tại rèn thể, có người nắm không biết tên cự thú xương cốt rèn luyện mà thành bạch cốt đại bổng, cũng có người nắm lấy kim loại đen đúc thành kiếm bản rộng, dùng sức vũ động, tiếng gió như sấm.\r\nHoàn cảnh sinh tồn cực kỳ ác liệt, nhiều Hồng Hoang mãnh thú độc trùng, vì đồ ăn, vì sinh tồn, rất nhiều nam tử còn vị thành niên liền chết yểu quá sớm ở trong đại hoang, muốn sống sót, chỉ có cường tráng bản thân. Sáng sớm chăm chỉ học tập, vô luận là người trưởng thành, hoặc là lão nhân cùng hài tử, đây là mỗi người thuở nhỏ đã đã thành thói quen.\r\n“ Hồi tâm!” Phụ trách đốc xúc cùng chỉ đạo hài tử luyện công nam tử trung niên la lớn. Một đám con nít nhanh chóng nghiêm túc, tiếp tục tại nhu hòa cùng rực rỡ trong ánh ban mai rèn luyện.\r\n“ Hô …… Ê a, mệt mỏi.” Tiểu bất điểm thở phào một cái, một cái rắm đôn nhi ngồi trên mặt đất, nhìn xem bọn hài tử lớn rèn luyện thể phách. Nhưng vẻn vẹn không lâu sau hắn liền bị phân tán lực chú ý, đứng dậy, đung đưa, phóng tới cách đó không xa một cái đang tại hoạt bát Ngũ Sắc Tước, kết quả gập ghềnh, liên tục ngã mấy cái cái rắm đôn nhi, Ngược lại cũng không khóc, thở phì phì, lẩm bẩm đứng lên đuổi nữa.\r\n“ Tốt, thu công!”\r\nTheo hét lớn một tiếng, tất cả đứa bé đều một hồi reo hò, vuốt vuốt tay chân đau nhức, sau đó lập tức giải tán, phóng tới nhà của mỗi người, chuẩn bị ăn điểm tâm.\r\nCác lão nhân đều cười, từ trên đá lớn đứng dậy. Mà những cái kia dáng người cường tráng như hổ người trưởng thành nhưng là một hồi cười mắng, quở trách con của mình, mang theo cốt bổng cùng kiếm bản rộng cũng sắp bước tới từ trong nhà đi đến.\r\nThạch thôn không phải rất lớn, nam nữ già trẻ cộng lại có thể có hơn ba trăm người, gian phòng cũng là cự thạch xây thành, đơn giản mà tự nhiên.\r\n“ Úc, lại có Thổ Long thịt, cho ta một khối!”\r\nNếu có lựa chọn, thôn nhân là không muốn vào núi. Bởi vì lên núi liền mang ý nghĩa có thể sẽ có đổ máu cùng hi sinh.\r\nĐồ ăn đối với bọn hắn tới nói vô cùng quý giá, không cho phép lãng phí, mỗi một cái hài tử từ nhỏ đã biết được điểm này, đói khát, đồ ăn, đi săn, tính mệnh, máu tươi những này là tương liên .\r\nKhông bao lâu, lão nhân hô: “ Tiểu bất điểm, tới ăn cái gì.”\r\nTiểu bất điểm tại nửa tuổi lúc liền đã mất đi phụ mẫu, là ăn sữa bách thú lớn lên, bây giờ đã một tuổi lẻ mấy tháng, nếu là hài tử tầm thường sớm nên dứt sữa, mà hắn nhưng như cũ ăn rất ngon ngọt, không chịu đứt rời, thường bị đứa bé lớn một chút giễu cợt.\r\n“ Tiểu bất điểm bú sữa đi!” Một đám đại hài tử gây rối.\r\n“ Ngô, tối hôm qua ta bị đánh thức mấy lần, xương da phát lạnh, nhất định là có cái gì Hồng Hoang hung thú cùng con cọp từ nơi này đi ngang qua.”\r\nVài tên lão nhân tuần tự mở miệng, bọn hắn hoặc nhíu mày hoặc suy nghĩ sâu sắc, thảo luận gần nhất một chút triệu chứng nguy hiểm, cảm thấy có khác biệt chuyện tầm thường xảy ra.\r\n“ Sẽ không phải là ra khỏi núi bảo a?” Một lão nhân lập tức trợn tròn tròng mắt, UUKANSHU đọc sách www.uukanshu.com râu tóc đều dựng, lộ ra kinh sợ.\r\nNhững người khác cũng đều lộ ra sắc mặt khác thường, ánh mắt lửa nóng, nhưng rất nhanh cũng đều dập tắt trong tròng mắt hỏa diễm, loại đồ vật này không phải bọn hắn có thể có được, ở xa sơn mạch chỗ sâu nhất, không có người tiến đi.\r\nQua nhiều năm như vậy chưa bao giờ có người có thể còn sống ra vào một chuyến, trong núi đủ loại cường hoành giống loài qua lại, cho dù Thạch thôn mọi người cùng xông, cũng liền một đóa bọt nước cũng sẽ không nổi lên.\r\n“ Gần nhất có chút không yên ổn a.” Lão tộc trưởng Thạch Vân Phong nhíu mày.\r\n“ Thế nhưng là đồ ăn thật sự không nhiều lắm.” Thạch Lâm Hổ nói, hắn dáng người cực kỳ cao lớn, 2m có thừa, cõng một ngụm hơn 300 cân kiếm bản rộng, cả người tráng giống như một đầu nhân hùng, toàn thân cổ đồng sắc cơ bắp từng khối, như từng cái xà mãng đang du động.\r\n“ Các trẻ em cần lớn thân thể, không thể bị đói, phải nghĩ chút biện pháp.” Có lão nhân mở miệng.\r\n“ Mặc dù ban đêm không yên tĩnh, nhưng ban ngày ngược lại là không có cái gì dị thường, ta mang một số người ra ngoài, cẩn thận một chút cũng không có vấn đề.” Thạch Lâm Hổ nói.\r\nCuối cùng, mấy chục tên thanh tráng niên nam tử tại đầu thôn tụ tập, từ tộc trưởng Thạch Vân Phong mang theo đi tới bên cạnh lôi kích mộc phía trước, hướng về phía lão liễu thụ nghiêm túc cầu nguyện.\r\n“ Tế Linh, xin phù hộ tộc nhân, để cho bọn nhỏ đánh tới con mồi mập béo, bình an trở về. Chúng ta sẽ lấy lòng thành kính, đời đời tế tự cùng phụng dưỡng ngươi.”', 1),
(7, 'Chương 2: Tố Vấn', '\"Người thời thượng cổ, đều sống đến trăm tuổi, mà động tác không hề chậm chạp.” Diệp Phàm khép lại 《 Hoàng Đế Nội Kinh 》, đối với chương \"Tố vấn\" ghi lại Thượng Cổ thời đại ngẩn người mê mẩn.\r\n\r\nLiên quan tới thời kỳ Thượng Cổ, cũng không có tường tận tinh chuẩn văn tự ghi chép, đối với người thời nay tới nói đó là một đoạn tràn đầy vô tận mê vụ cổ lịch sử, để cho người ta suy tư vô hạn.\r\n\r\nGió mát hiu hiu, viện bên trong vài cọng ngô đồng đang nhẹ nhàng chập chờn, sum xuê cành lá phát ra “Rì rào” âm thanh, không khí thanh tân từ ngoài cửa sổ hướng mặt thổi tới.\r\n\r\nDiệp Phàm rất thích xem “Sưu kỳ” Loại sách, pha một chén lục trà nhạt, hắn bắt đầu tiếp tục lật xem sách cổ ở trong tay.\r\n\r\n“Phàm nhân đều có thể sống hơn trăm tuổi, mà hành động cũng không dấu hiệu của sự già yếu. Thời kỳ Thượng Cổ, đây là một đoạn như thế nào thần bí cổ lịch sử......”\r\n\r\nĐối với chương \"Tố vấn\" ghi lại cổ nhân tuổi vấn đề, xem như người hiện đại hắn tự nhiên sẽ không tin tưởng. Hắn hiếu kỳ chỉ là cổ nhân hướng tới cái kia “Thượng cổ” Thời đại vì sao tại rất nhiều trong cổ tịch đều mịt mờ đề cập tới, tựa hồ có một đoạn bao phủ vô tận mê vụ văn minh thời thượng cổ biến mất ở trong dòng sông lịch sử.\r\n\r\nThật chẳng lẽ tồn tại một đoạn cổ sử không muốn người biết? Ngắn ngủi suy tư sau, hắn tiếp tục xem sách.\r\n\r\n《 Hoàng Đế Nội Kinh 》 là một bộ của quý cấp cổ tịch, thành sách tại vài ngàn năm trước, vì Trung Quốc cổ đại tam đại kỳ thư một trong, toàn thư mặc dù không thể tin hoàn toàn, nhưng lại có thể nói tổng thể rất có giá trị quý báu.\r\n\r\n“Lãnh đạo thiên địa, chắc chắn âm dương, hô ** Khí, độc lập phòng thủ thần, bắp thịt như một, có thể đồng thọ với thiên địa, không có kết thúc, đây là Đạo.”\r\n\r\nChương \"Tố vấn\" nhiều lần nâng lên thượng cổ, có thấy rõ thiên địa biến hóa, luyện dưỡng tinh khí, có thể trường sinh bất hủ người, người hiện đại căn bản không có khả năng tin tưởng.\r\n\r\nTrong bất tri bất giác mặt trời đỏ dần dần rơi về phía tây, ráng chiều vẩy xuống, đem ngoài cửa sổ mặt cỏ cùng cây ngô đồng nhiễm lên một tầng đỏ ửng nhàn nhạt.\r\n\r\nDiệp Phàm thả ra trong tay 《 Hoàng Đế Nội Kinh 》, chuẩn bị đi tham gia một cái trọng yếu họp lớp.\r\n\r\nRời đi sân trường đại học đã 3 năm , Diệp Phàm sau khi tốt nghiệp lưu tại tòa thành thị này, nhìn lại quá khứ, đơn giản tinh khiết thời còn học sinh một đi không trở lại.\r\n\r\nThời gian ba năm nói dài cũng không dài nói ngắn cũng không ngắn, bạn học ngày xưa sớm đã mỗi người một nơi, mỗi người đều có chính mình khác biệt sinh hoạt quỹ tích.\r\n\r\nDễ nghe chuông điện thoại di động cắt đứt suy nghĩ của hắn, là đồng học Lâm Giai đánh tới, một cái vô cùng khôn khéo cùng cô gái xinh đẹp, sau khi tốt nghiệp đi thành thị ở kế bên, bằng vào hơn người thủ đoạn tại một năm trước đã thăng nhiệm quản lí chi nhánh.\r\n\r\nVừa ấn nút tiếp nghe liền nghe được Lâm Giai trêu chọc, nàng tại đại học lúc liền biểu hiện ra xuất sắc năng lực giao tế, rất dễ dàng cùng người rút ngắn quan hệ.\r\n\r\n“Như thế nào, nhớ ta?” Diệp Phàm nhẹ nhõm phản kích.\r\n\r\nBên kia truyền đến một hồi dễ nghe êm tai tiếng cười, nói: “Ta không rõ lắm địa điểm tụ họp, một lúc sau cùng đi.”\r\n\r\nHẹn xong địa điểm gặp nhau sau Diệp Phàm lái xe đi ra ngoài. Tại đại học lúc hắn đã từng theo đuổi Lâm Giai, bất quá lại bị uyển chuyển cáo tri hai người không thích hợp cùng một chỗ.\r\n\r\nLâm Giai là một người phi thường xinh đẹp động lòng người nữ tử, mà nàng khôn khéo cùng lý trí càng vượt qua vẻ đẹp của nàng, nàng biết rõ chính mình cần gì, nên làm như thế nào, có thể nói rất thực tế.\r\n\r\nCách thời gian hẹn nhau còn có 10 phút, Diệp Phàm tại Bách Thịnh thương trường phía trước tìm một cái chỗ đậu xe, sau đó đi xuống xe đến ven đường chờ Lâm Giai.\r\n\r\nCả tòa thành phố đều đắm chìm trong trong ánh nắng chiều, rất nhiều kiến trúc vật thượng đô bao trùm một tầng hào quang vàng nhạt, trên đường xe cộ qua lại như nước chảy, dòng người nối liền không dứt.\r\n\r\nBảy tám phút sau một chiếc xe Toyota dừng ở ven đường, lộ ra một bộ mỹ lệ và gương mặt tinh xảo, Lâm Giai mở cửa xe đi tới.\r\n\r\nDiệp Phàm nghênh đón, cười nói: “Còn có chuyến đặc biệt đưa đón a.”\r\n\r\n“Thiếu nói móc ta, ta nhưng không có tài xế chuyên dụng, đó là lớp chúng ta đồng học Lưu Vân Chí.”\r\n\r\nTốt nghiệp ba năm qua mặc dù có liên hệ, nhưng chỉ tại hai năm trước gặp qua một lần, Lâm Giai giống như quá khứ thanh xuân tịnh lệ, mặc rất tùy ý, quần jean bó sát người phối hợp một kiện màu tím thương cảm, đem thon dài nhu mỹ thân thể phác hoạ càng thêm đường cong chập trùng, dáng vẻ thướt tha mềm mại.\r\n\r\n“Hơn hai năm không thấy, còn tốt chứ?” Lâm Giai mái tóc sóng vai, đen nhánh nhu thuận, sáng đến có thể soi gương, nàng có một đôi mắt phượng, tại lông mi thật dài thấp thoáng phía dưới hơi hơi hướng về phía trước tà phi, một cách tự nhiên nhiều một cỗ đặc biệt ý vị, quyến rũ động lòng người.\r\n\r\n“Còn tốt.” Diệp Phàm cười cười, trêu chọc nói: “Lâm Giai ngươi dạng này thiên sinh lệ chất không đi giới văn nghệ phát triển thực sự có lỗi với mình.”\r\n\r\n“Muốn ăn đòn à?” Lâm Giai cười rất động lòng người, mắt phượng liếc xéo, sóng ánh sáng lưu chuyển, môi đỏ cũng phi thường gợi cảm, rất là vũ mị.\r\n\r\nLúc này, dừng ở ven đường xe Toyota cửa hạ xuống, chỗ ngồi lái xe lộ ra một khuôn mặt quen thuộc, chính là bạn học ngày xưa Lưu Vân Chí.\r\n\r\nHắn cùng với Diệp Phàm đồng dạng, sau khi tốt nghiệp lưu tại tòa thành thị này. Nhờ vào một cái có chút bối cảnh thân thích trông nom, mở một nhà quy mô không tính lớn công ty, trong các bạn học xem như có một phen thành tựu người.\r\n\r\nMặc dù cùng chỗ ở một tòa thành thị, nhưng hắn vẫn cơ hồ cùng Diệp Phàm không có cái gì liên hệ, chủ yếu là nguyên nhân gây ra tại trong lúc học đại học một lần xung đột.\r\n\r\nLưu Vân Chí không có xuống xe, nhàn nhạt cười cười, nói: “Rất lâu không thấy.”\r\n\r\n“Đúng vậy a. Có thời gian chúng ta đi ra họp gặp.” Thấy đối phương liền xe đều không xuống, Diệp Phàm cũng chỉ bình thản lên tiếng chào.\r\n\r\n“Đón xe đi tới?”\r\n\r\nĐối với loại này tự nhiên mà lộ khinh thị, Diệp Phàm lười so sánh tính toán, tùy ý ứng phó một tiếng.\r\n\r\nLâm Giai là một cái tương đương khôn khéo cùng lanh lợi nữ tử, tự nhiên có thể cảm thấy bầu không khí trước mắt, đối với Diệp Phàm cười nói: “Lần này vội vàng chạy đến, cho ở lại đây tòa thành thị mấy vị bạn học cũ đều gọi điện thoại, chúng ta ngồi Lưu Vân Chí xe cùng đi a.”\r\n\r\nDiệp Phàm còn không có nói cái gì, Lưu Vân Chí đã mang theo áy náy mở miệng trước, nói: “Thực sự là ngượng ngùng, đã sớm hẹn xong mặt khác hai cái bạn học cũ, ngay ở phía trước giao lộ, chỗ ngồi giống như không đủ a.”\r\n\r\n“Không quan hệ, ngươi đi trước, ta sau đó liền đến.” Diệp Phàm nói xong quay người đối với Lâm Giai cười nói: “Cùng ta cùng đi, vẫn là......”\r\n\r\nLâm Giai hơi chút do dự lúc, Lưu Vân Chí thúc giục nói: “Lâm đại mỹ nữ vẫn là ngồi xe của ta đi trước đi, bằng không thì ta sợ sẽ bị người lấy nước bọt chết đuối.”\r\n\r\nTại ven đường đứng vài phút, Lâm Giai đối với Diệp Phàm biểu đạt một phen xin lỗi, tại Lưu Vân Chí dưới sự thúc giục cuối cùng vẫn ngồi lên xe Toyota.\r\n\r\nCửa sổ xe dâng lên nháy mắt, Diệp Phàm mơ hồ trong đó nghe được Lưu Vân Chí cái kia có chút xem thường nói nhỏ: “Bây giờ chính là tan tầm cao phong đoạn thời gian, có thể đợi được xe taxi mới là lạ!” Sau đó, chiếc kia xe Toyota liền nhanh chóng đi.\r\n\r\nNgày xưa, Diệp Phàm tại sân trường đại học bên trong cũng coi như là một cái nhân vật phong vân, hôm nay bị cho rằng đi nhờ xe tới, cùng Lưu Vân Chí so sánh tự nhiên có vẻ hơi nghèo túng.\r\n\r\nĐối với Lưu Vân Chí loại người này, hắn trực tiếp coi thường, ngược lại là Lâm Giai biểu hiện để hắn có chút ngoài ý muốn.\r\n\r\nBất quá, mỗi người đều có chính mình xử thế thái độ, người dù sao muốn ở trong hiện thực sinh hoạt, tự nhiên không thể tránh né có hiệu quả và lợi ích, tự tôn, hư vinh các loại, Diệp Phàm ngược lại cũng không đến mức cỡ nào phản cảm.\r\n\r\nMặt trời đỏ đã rớt xuống đất bình tuyến phía dưới, giống bị máu nhiễm vào phía chân trời dần dần mờ đi, cả tòa thành phố giống như là phủ thêm một tầng áo dày tối tăm, màn đêm sắp rơi xuống.\r\n\r\nGiờ này khắc này, chín bộ xác rồng khổng lồ lôi kéo một ngụm thanh đồng cự quan, để ngang đen như mực cùng trong vũ trụ lạnh lẽo, rung động này một màn tựa hồ vĩnh hằng dừng lại tại đó!\r\n\r\nTrạm không gian quốc tế bên trong vài tên phi hành gia đã đem cái này đủ để chấn thế truyền tin trở về mặt đất, đang đợi chỉ thị tiếp theo.\r\n\r\n', 2),
(8, 'Chương 3: Xưa Nay', 'Diệp Phàm mặc dù không thể nói là cái gọi là sự nghiệp có thành, nhưng bởi vì một chút nguyên nhân cùng kinh nghiệm, bây giờ trong tay cũng có chút tư bản, trước đây không lâu vừa vặn mua một chiếc lao vụt, liền giá cả tới nói cao hơn Lưu Vân Chí khoản tiền kia xe Toyota, nhưng nếu như lấy điều này đến phán xét thân phận địa vị mà nói, hắn cảm giác tương đối dung tục.\r\nVừa mới tốt nghiệp đại học 3 năm, số đông đồng học đều không thể nói là sự nghiệp có thành, Diệp Phàm cảm thấy lựa chọn dạng này tụ hội địa điểm ít nhiều có chút phù xa xỉ.\r\nKhi đi ra bãi đỗ xe, đi tới trên biển Minh Nguyệt Thành lúc trước, hắn rất nhanh liền nhìn thấy mấy cái thân ảnh quen thuộc, cũng là tới tham gia tụ hội đồng học, ở trong có người đã 3 năm không thấy.\r\nMấy người khác cũng đón, mặc dù đã có thời gian rất lâu không thấy, nhưng mọi người ở giữa vô cùng thân thiện.\r\nRất rõ ràng Vương Tử Văn là ở đây chờ người, có thể làm cho hắn đứng tại trên biển Minh Nguyệt Thành phía trước chuyên môn nghênh tiếp người cũng bất quá như vậy có hạn hai ba người, rất dễ dàng đoán ra.\r\nVương Tử Văn là một người thông minh, cũng không tiếp tục lưu tại nơi này một mình chờ người, mà là vừa nói cười một bên tại phía trước dẫn đường, bồi đám người tiến vào trên biển Minh Nguyệt Thành. Tầng thứ năm có một cái cỡ nhỏ trung tâm thương vụ, có thể cung cấp ba mươi đến năm mươi người tiến hành hội nghị, đã bị bao xuống.\r\nBây giờ sắc trời bên ngoài đã tối xuống, tới tham gia tụ hội đồng học không sai biệt lắm sắp đến đủ .\r\nMấy người đến lập tức để cho không khí hiện trường một hồi náo nhiệt, không ít người đón, có thể một lần nữa tụ tập cùng một chỗ có loại thời gian trôi qua, không gian đảo lộn cảm giác, trong thoáng chốc cùng đại học lúc một ít tràng cảnh trùng hợp .\r\nMộng tưởng đã đi xa, tuyệt đại đa số người đều biết tỉnh ý thức được, chính mình chỉ là một người bình thường.\r\nDiệp Phàm bị Vương Tử Văn đưa đến một bên, cẩn thận quan sát phát hiện, bên này đồng học không phải loại sự nghiệp kia có thành, chính là trong nhà có chút bối cảnh người.\r\n“Diệp Phàm ngươi tối như vậy mới đến, nhất định muốn phạt ngươi ba chén.”\r\n“Ba chén quá ít, các ngươi cũng quá khinh thường tửu lượng Diệp Phàm.” Lâm Giai cũng ngồi ở bên cạnh, mắt phượng liếc xéo, dáng người thon dài, đường cong uyển chuyển, gợi cảm động lòng người.\r\n“Vị mỹ nữ nào nghĩ phạt ta?” Diệp Phàm đem mấy cái nam đồng học cũng đồng dạng gom vào mỹ nữ hàng ngũ.\r\nLưu Vân Chí ở thành này có nhất định bối cảnh, tự nhiên cũng ở đây cái tiểu quần thể bên trong, hắn rất tùy ý nói: “Nguyên lai tưởng rằng các ngươi xe taxi muốn trì hoãn một đoạn thời gian đâu.”\r\nLời này vừa ra lập tức có chút tẻ ngắt. Người ở chỗ này đều biết Lưu Vân Chí tại đại học lúc cùng Diệp Phàm ân oán, bây giờ hắn ở tòa này thành thị phát triển rất thuận lợi, mà giờ khắc này trong lúc vô tình điểm ra Diệp Phàm là ngồi taxi tới, thái độ thực sự có chút rõ ràng.\r\nNhững bạn học khác cũng đều chú ý tới tình huống nơi này, hướng bên này trông lại, bất quá Diệp Phàm chỉ là sao cũng được cười cười, không nói gì thêm.\r\nLâm Giai cùng hai tên nữ đồng học nói đến đồ trang điểm, còn nói lên mấy kiểu hàng hiệu trang phục, những người khác cũng đã nói chút chuyện vui ngày xưa, vừa mới ngắn ngủi tẻ ngắt mới liền như vậy bỏ qua, nhất thời vừa nóng liệt.\r\nDiệp Phàm tại đại học lúc mặc dù là một cái nhân vật phong vân, nhưng đi ra sân trường sau cái kia hết thảy đều không trọng yếu, bây giờ sự nghiệp có thành hay không là bị xem trọng nhất .\r\nChung quanh thỉnh thoảng có ánh mắt trông lại, bên này nghiễm nhiên là một cái đặc thù vòng quan hệ, đang ngồi cũng là trước mắt phát triển không tệ đồng học, mà giờ khắc này Diệp Phàm lại có bị biên giới hóa khuynh hướng.\r\nĐối với cái này, Diệp Phàm một mực rất thản nhiên, bất quá cuối cùng hắn vẫn là đứng lên rời khỏi nơi này, cùng mặt khác một chút đồng học ngồi xuống cùng một chỗ, hắn không nghĩ bị những bạn học khác đánh lên đặc thù quần thể ấn ký.\r\nĐồ trang điểm cùng hàng hiệu trang phục vĩnh viễn là nữ đồng học thích nhất chủ đề, nam đồng học thì từ bóng đá hàn huyên tới các loại tin tức thời sự, chủ đề khá rộng.\r\nNửa giờ sau, tới tham gia tụ hội hai mươi lăm người đến đông đủ. Toàn lớp tổng cộng có ba mươi ba tên đồng học, trong đó có 3 người ra nước ngoài học bên ngoài, mà khác năm người thì bởi vì một chút nguyên nhân đặc biệt không thể đuổi tới.\r\nLần tụ hội này mấy vị người đề xuất cùng người tổ chức tuần tự đọc lời chào mừng, bầu không khí vô cùng nhiệt liệt, sau đó đám người chia mấy cái vòng tròn nhỏ, riêng phần mình trò chuyện thoải mái.\r\nRất lâu sau mọi người mới rời đi cỡ nhỏ trung tâm thương vụ, muốn nâng chén tương khánh lần này đoàn tụ. Không có tiến hành cố ý an bài, tất cả bàn tôn ti thân sơ liền chương hiển đi ra.\r\nDiệp Phàm cũng không cùng Lâm Giai cùng Lưu Vân Chí đám người cái kia tiểu quần thể ngồi cùng một chỗ, mà là rất tự nhiên ngồi ở một bàn khác.\r\nLại là một phen đọc lời chào mừng sau, kế tiếp liền rất tùy ý , có người ở các bàn rượu ở giữa mời rượu, cũng có người bị vây quanh ở trước bàn rượu, khó mà di động một bước, liên tục bị mời rượu.\r\nBa năm qua xảy ra rất nhiều chuyện, mỗi người biến hóa đều rất lớn. Có lẽ là bởi vì rượu cồn kích động, không thiếu đồng học đều nói tới cuộc sống của mình, có người đắc ý có người không được như ý.\r\nCó người thống hận lão bản của mình vô cùng hà khắc, lúc nào cũng yêu cầu tăng ca, mà tiền lương lại ít đến thương cảm.\r\nCó một vị bạn học nữ nói mình bạn trai là nào đó nổi tiếng xí nghiệp quản lí chi nhánh, một tên khác đồng học thì nói mình trượng phu đã thăng chức làm công ty phó tổng, cũng có người nói mình vị hôn thê là ngân hàng nào đó cao quản chất nữ.\r\nMà càng nhiều người nghe xong nhưng là không nói gì, rất nhiều người sinh hoạt cũng không phải rất như ý.\r\nTrong đó có cái nữ đồng học hiện ra khá là tiều tụy, có người nói nàng gả cho một cái cũng không thích người, cưới sau cũng không hạnh phúc, trượng phu cả ngày say rượu, có đồng học đi ngang qua nàng chỗ thành thị vấn an nàng lúc, từng thấy đến trên người nàng lại có vết thương bầm tím.\r\n“Nếu có cái gì cần giúp đỡ , đều có thể tìm ta......” Đối với tên này rất tiều tụy nữ đồng học, Diệp Phàm lòng có trắc ẩn, còn nhớ rõ đại học lúc nàng ngượng ngùng đơn thuần bộ dáng, đứng tại sân bóng ngoại dụng lực phất tay vì hắn cố lên hò hét.\r\n“Diệp Phàm ngươi vẫn là trước tiên thay đổi chính mình a......” Tên kia nói mình trượng phu đã thăng chức làm công ty phó tổng nữ đồng học mượn rượu cồn tác dụng có chút không khách khí nói: “Ngươi xem người ta Lưu Vân Chí phát triển bây giờ bao nhiêu thuận lợi.”\r\n“Diệp Phàm không phải ta nói ngươi, tại đại học lúc ngươi đúng là một nhân vật, nhưng mà đi ra sân trường sau hết thảy đều sẽ phát sinh thay đổi, không cố gắng không được.” Cái này bàn, tên kia nói mình vị hôn thê là ngân hàng nào đó cao quản chất nữ nam đồng học cũng một bộ dáng vẻ lên lớp người khác.\r\nNâng lên Lưu Vân Chí một bàn kia người, bên này đồng học có người dám cảm khái, nói là khi còn đi học có người kém xa chính mình, bây giờ lại đã không cách nào so sánh .\r\nCàng có nữ đồng học đối với Diệp Phàm nói đùa, xưng may mắn khi còn đi học chỉ là len lén từng thích hắn, ngược lại là bây giờ có chút hối hận trước kia cự tuyệt Lưu Vân Chí truy cầu.\r\nVẫn là ban đầu tòa thành thị kia, vẫn là ban đầu những người kia, nhưng mà lần nữa gặp nhau sau đám người tâm cảnh lại lớn không giống nhau.\r\n', 2);
INSERT INTO `chuong_truyen` (`id_chuong`, `ten_chuong`, `noi_dung_chuong`, `id_muc_luc_truyen`) VALUES
(9, 'Chương 4: Tấm thuốc', '“Gào...... Không!” Một đám con nít nghe toàn bộ đều kêu thảm lên, chạy trối chết, tránh né hướng trong thôn các nơi.\r\n“Một đám nhóc con, thật không biết phúc, đây chính là thuốc bổ khó được, nếu có thể kiên trì bền bỉ tắm thuốc, có thể để các ngươi gân cốt sánh ngang cự thú.” Các đại nhân quở trách, giống vồ con gà con giống như bắt đầu bắt hài tử của nhà mình.\r\nMột đám con nít kịch liệt phản kháng, làm gì cánh tay nhỏ xoay bất quá đùi, tất cả đều bị bắt trở về.\r\nTrong thôn trên một miếng đất trống, sớm đã sắp 8 cái đỉnh đồng lớn, phía dưới liệt hỏa hừng hực, bên trong đỉnh nước sôi đằng, vài tên lão nhân vào bên trong ném từng cây dược thảo, thỉnh thoảng còn có thể bỏ vào mấy cái dài hơn thước con rết, quả đấm lớn các loại nhện, để cho nguyên bản vô cùng trong thủy trở nên đen sì, như mực nước, rất đáng sợ.\r\nMột đám con nít lúc đó khuôn mặt liền tái rồi, hận không thể lập tức chạy thoát, làm gì bị đại nhân nhóm gắt gao đè xuống.\r\nSau đó, lại có tộc nhân mang tới mấy chục cái bình gốm, vài tên lão nhân tiếp nhận, thận trọng mở ra, đem ở trong một chút đỏ thẫm chất lỏng đổ vào trong đỉnh đồng lớn, kết quả nước đen nhánh sôi hơn.\r\nĐây là từ cái này chút bị săn giết hung thú thể nội lấy ra một chút chân huyết, vô cùng trân quý, vô luận là đại nhân vẫn là hài tử dùng, đều có thể tăng cường thể chất. Thêm nữa, người trong thôn trong tay nắm giữ mấy trương cổ phương, phối hợp thêm một chút các loại dược thảo, chân huyết hiệu quả sẽ càng tốt.\r\nNgoại trừ chân huyết, mấy ông lão còn làm cho người đem phi mãng dực cốt, quỳ thú túc cốt chờ phí sức nghiền nát, cũng ném vào trong nước sôi trào.\r\n“Đau a, nước này có thể đem người hâm chín a.”\r\n“Cứu mạng a, cơ thể giống như bị đao quả, da thịt cũng nứt ra!”\r\nBọn hắn mắng nhiếc, tay trảo chân đạp, từng cái ra sức xông ra ngoài, kết quả cũng đều bị ấn trở về, tiếng kêu rên liên hồi.\r\nCứ như vậy, mấy chục cái hài tử một nhóm một nhóm bị ném vào, số đông đều kêu rất hung, không ngừng giãy dụa, chỉ có bảy, tám đứa bé hơi tốt một chút, mặc dù đau đầu đầy mồ hôi, nhưng lại chịu đựng không lên tiếng.\r\nĐến nỗi tiểu bất điểm, cũng không thể chạy thoát, hơn nữa bị đặc thù chiếu cố, bị đơn độc ném vào một ngụm trong đỉnh đen, bên trong chỉ tăng thêm một điểm thanh thủy, khác cũng là hung thú chân huyết, các loại mảnh xương.\r\nThôn nhân cũng không có cảm thấy không thích hợp, cũng không cảm thấy nặng bên này nhẹ bên kia, bởi vì trẻ con nhà mình không chịu nổi, tại bình thường trong dược đỉnh liền đã kêu khóc tê tâm liệt phế, mà tiểu bất điểm lại có thể ăn hết được.\r\nNgoài ra, khi tiểu bất điểm sử dụng bên trong đỉnh đen chất lỏng sềnh sệch sôi trào, lão tộc trưởng còn mở ra hai cái hũ sành đặc biệt, dần dần hướng trong đỉnh đổ chất lỏng.\r\nMột cái hũ trong đó xông ra một đạo Xích Hà, ngưng tụ thành một đầu Tỳ Hưu, dài bằng bàn tay, uy vũ dữ tợn, như muốn xé rách người cũng đào tẩu, hung tính cực thịnh. Thạch Vân Phong lòng bàn tay hiện lên sáng lên ký tự, cốt văn sáng lên, một cái tát đem Tỳ Hưu đập tan, hóa thành huyết dịch, rơi vào trong đỉnh.\r\nMà đổi thành một cái bình thì xông ra một cái song đầu tê, đỏ rực như lửa, rực rỡ khiếp người, nó ngẩng đầu hét giận dữ, đồng dạng bị lão tộc trưởng đánh tan, rơi vào bên trong đỉnh đen.\r\nChính là một số đại nhân cũng có chút không đành lòng, bởi vì nhìn thấy tiểu gia hỏa dùng sức giãy động, mắng nhiếc, còn thỉnh thoảng uống mấy ngụm lớn chất lỏng sềnh sệch, thực sự có chút để cho người ta lo lắng.\r\nTắm thuốc kéo dài thời gian rất lâu, một đám con nít bị ngâm giống như là hồng Bì Hầu tử, từng cái thảm hề hề, lẫn nhau nhìn nhau, nước mắt hoa hoa, thẳng đến sau khi tắm thuốc kết thúc mới chỉ khóc, cuối cùng giải thoát.\r\nTiểu bất điểm tại trong đỉnh đen lúc không khóc, mắt đen to linh lợi chuyển động, khuôn mặt nhỏ đỏ bừng như cái quả táo lớn, bất quá bị xách đi ra lúc lại cùng say rượu giống như, lung la lung lay.\r\n“Cảm giác thế nào?” Một vị lão nhân hỏi.\r\nTiểu gia hỏa ợ một cái, mơ hồ nói: “Uống no.”\r\n“Vây lại.” Tiểu bất điểm xiêu xiêu vẹo vẹo, thân thể nhỏ ngã xuống Thạch Vân Phong trong ngực, nhẹ nhàng lầm bầm một câu, lại hơi hơi ê a một tiếng, lâm vào đang ngủ say.\r\n“Mang những hài tử này đi ngủ cái hảo giác, ngày mai đều biết mọc ra không thiếu khí lực tới.” Tộc trưởng Thạch Vân Phong nói.\r\nHoàn cảnh sinh tồn ác liệt, hung thú khó săn, chân huyết quý hiếm, bằng không thì cũng không đến mức tại bọn nhỏ sau khi dùng qua tiếp tục như vậy ngao thành dược tán, một chút cũng không nỡ lãng phí.\r\nĐương nhiên, trong thôn các thanh tráng niên cũng không thèm để ý, chỉ cần thoa lên trên vết thương có thể cứu mạng là được.\r\nMột đêm này bọn nhỏ ngủ rất say, ngày thứ hai sau khi tỉnh lại rất nhiều tiểu gia hỏa tất cả oa oa kêu to, bởi vì trên thân rơi xuống từng cục da chết, trên giường bẩn thỉu.\r\n“Cha, đây chính là tam ca ngày thường rèn luyện khí lực dùng , ta như thế nào nhấc lên được tới?”\r\n“Đừng nói nhảm, nhường ngươi giơ thì giơ. Tối hôm qua nhiều như vậy chân huyết còn có cốt thuốc trắng dùng sao? Nếu như không có tiến bộ, ta đem ngươi cái mông đánh thành tám cánh!”\r\nSáng sớm, trong thạch thôn một hồi gà bay chó chạy, một đám con nít đều bị buộc đi chuyển tảng đá lớn, khiêng đỉnh đồng, kêu khổ liên tục.\r\n“Răng rắc răng rắc”\r\nĐầu thôn, tộc trưởng Thạch Vân Phong lòng bàn tay phù văn sáng trưng, tay hắn cầm một thanh tử kim chùy, đem Long Giác Tượng quý hiếm nhất một đoạn sừng rồng đánh nát, sau đó lại lấy Tỳ Hưu một đoạn trảo cốt cùng với hỏa tê một đoạn ngắn xích giác, đồng dạng đạp nát, cuối cùng xay thành bột. Hắn đem những thứ này cốt giác bột phấn hòa với bộ phận hung thú chân huyết, cùng một chỗ bỏ vào đang tại nấu chín trong sữa thú, lập tức hương khí lượn lờ.\r\nSau đó, lão nhân lại ném vào một buội lại một buội dược thảo kỳ dị. Thời gian không dài, chất lỏng trong hũ sành liền dần dần trở thành hồ trạng vật, cung ngon khí nồng nặc hơn.\r\n“Tiểu bất điểm ăn cái gì.”\r\n“Đó là đương nhiên, đây chính là chân chính một lò bảo dược, không nên lãng phí một chút xíu, toàn bộ ăn hết.” Thạch Vân Phong cười nói.\r\nĐáng thương con chó vàng bị hắn bắt được cái đuôi sau, bị dùng sức kéo không ngừng, phần đuôi kém chút trọc đi, ẳng ẳng rống lên hơn nửa ngày, khắp thôn làm ầm ĩ, không được an bình.\r\n“Uy, tiểu bất điểm ngươi như thế nào nhổ nhà đại thẩm hàng rào?”\r\n......\r\nNơi xa, không thiếu hài tử nhìn thấy một màn này đối với tộc trưởng càng kính sợ hơn, tất cả giật nảy mình rùng mình một cái, xa xa né tránh , tụ cùng một chỗ nhỏ giọng thì thầm: “Tiểu bất điểm thật đáng thương!”\r\nTiểu bất điểm lòng bàn tay phát sáng, cuối cùng lan tràn lên phía trên, cũng dẫn đến trên cánh tay nhỏ cũng hiện lên cốt văn, sáng tối chập chờn, rất là thần bí. Hơn nữa, thể chất của hắn tăng cường, tốc độ cùng sức mạnh tăng lên rất nhiều, cái này cũng là lão tộc trưởng tương đối hài lòng lý do.\r\nThẳng đến sau hai canh giờ hắn mới an tĩnh lại, mơ hồ gãi đầu một cái, nhỏ giọng nói: “Ê a, gây họa .”', 1),
(10, 'Chương 1: Ly Hương', '\r\nCột sắt ngồi ở trong thôn bên con đường nhỏ, nhìn qua bầu trời xanh thẳm, vẻ mặt ngơ ngẩn, cột sắt không phải tên thật của hắn, mà là từ nhỏ bởi vì cơ thể gầy yếu, phụ thân sợ nuôi không sống, thế là dựa theo tập tục xưng hô nhũ danh. Tên thiệt của hắn gọi là Vương Lâm, họ Vương tại bốn phía mấy cái trong thôn xóm xem như thế gia vọng tộc, tổ tiên thợ mộc xuất thân, nhất là tại huyện thành, Vương thị gia tộc cũng coi như rất có danh khí, nắm giữ mấy cái chuyên môn bán đồ gỗ cửa hàng.\r\nCột sắt có phụ thân là trong gia tộc con thứ thứ tử, không thể tiếp quản gia tộc sự việc cần giải quyết, mà là tại thành hôn sau rời đi huyện thành, ở chỗ này thôn trang định cư.\r\nMẫu thân càng là đối với hắn quan tâm cực kì, có thể nói từ nhỏ đến lớn, cột sắt cũng là sinh hoạt tại trong phụ mẫu từ ái, hắn biết phụ mẫu đối với hắn mong đợi rất cao, con nhà người ta ở vào tuổi của hắn cũng đã xuống đất làm việc nhà nông , nhưng hắn cũng ở nhà đọc sách.\r\nĐọc nhiều sách, ý nghĩ tự nhiên cũng liền tùy theo mà đến, đối với sơn thôn bên ngoài thế giới, hắn tràn ngập chờ mong. Ngẩng đầu quan sát cuối con đường nhỏ, cột sắt thở dài một tiếng, khép lại quyển sách trong tay, đứng dậy Hướng gia bên trong đi đến.\r\nPhụ thân ngồi ở trong viện, trong tay cầm tẩu hút thuốc, hít một hơi thật sâu sau, đối với đẩy cửa tiến vào cột sắt nói: “Cột sắt, đọc sách thế nào?”\r\nCột sắt ứng phó vài câu, phụ thân dập đầu đập tẩu hút thuốc, đứng dậy nói: “Cột sắt a, ngươi phải thật tốt đọc sách, sang năm chính là trong huyện đại khảo , ngươi về sau có hay không tiền đồ, nhưng là đều xem lần này , cũng đừng giống như ta, đời này liền ở tại trong thôn, ai.”\r\n“Đi, ngươi mỗi ngày lải nhải, muốn ta nói, nhà chúng ta cột sắt chắc chắn có thể thi đậu.” Cột sắt mẫu thân, bưng đồ ăn đặt ở trong nội viện trên mặt bàn, gọi hai người phụ tử bọn hắn tới dùng cơm.\r\nCột sắt ồ một tiếng, sau khi ngồi xuống lung tung rút mấy ngụm, mẫu thân từ ái nhìn qua nhi tử, đem không nhiều mấy khối thịt, cho hắn kẹp đi.\r\n“Cha, tứ thúc mau tới đi?” Cột sắt ngẩng đầu nói.\r\n“Tính toán thời gian, không sai biệt lắm chính là mấy ngày nay , ngươi tứ thúc so cha có tiền đồ, ai, mẹ hài nhi, cho lão tứ chuẩn bị rau dại đều gói kỹ a?” Phụ thân vừa nhắc tới lão tứ, trên mặt lộ ra thổn thức chi sắc.\r\nĐang nói, bỗng nhiên ngoài cửa truyền tới tiếng ngựa, tiếp lấy xe ngựa bánh xe đè mà ào ào âm thanh tùy theo mà đến, một thanh âm sang sãng ở bên ngoài vang lên.\r\n“Nhị ca, mở cửa đi.”\r\nCột sắt kinh hỉ, lập tức chạy tới đem viện tử đại môn đẩy ra, chỉ thấy một cái cường tráng hán tử trung niên, ánh mắt lấp lánh đứng ở ngoài cửa, hắn nhìn thấy cột sắt sau cười ha ha một tiếng, sờ lên đầu của hắn, cười nói: “Cột sắt, lúc này mới nửa năm không thấy, vóc dáng lại cao lớn .”\r\nCột sắt phụ mẫu vội vàng đứng lên, phụ thân hắn cười nói: “Lão tứ, ta ước chừng thời gian, ngươi cũng sắp tới, mau vào, cột sắt, còn không đi cho ngươi tứ thúc cầm ghế đi.”\r\nCột sắt mẹ hắn hiền hòa ngắm nhìn con trai mình, Đối với hán tử trung niên nói: “Lão tứ, ca của ngươi bình thường cuối cùng nói thầm ngươi, lần này ở thêm mấy ngày a.”\r\nCột sắt phụ thân thở dài, nói: “Lão tứ đừng nghe tẩu tử ngươi , đến mai đem hàng hóa sắp xếp gọn, gia tộc sự tình trọng yếu nhất, chúng ta về sau lại tụ họp cũng giống vậy.”\r\nHán tử trung niên nhìn qua cột sắt phụ thân, nói: “Nhị ca, cột sắt năm nay mười lăm tuổi đi?”\r\nHán tử trung niên do dự một chút, sắc mặt nghiêm một chút, nói: “Nhị ca, nhị tẩu, cùng các ngươi nói sự kiện, Hằng Nhạc Phái năm nay thu lấy đệ tử, gia tộc có 3 cái danh sách đề cử, phân đến ta chỗ này có một cái.”\r\nCột sắt phụ thân khẽ giật mình, thất sắc nói: “Hằng Nhạc Phái? Thế nhưng là cái kia tất cả đều là tiên nhân Hằng Nhạc Phái?”\r\nCột sắt mẫu thân vui cực, vội vàng nói: “Lão tứ, cái này...... Cái này......”\r\nHán tử trung niên sờ lên cột sắt đầu, nói: “Nhị ca, nhị tẩu, ta xem việc này quyết định như vậy đi a, để cho cột sắt đi thử xem, nếu là thật bị thu lấy , vậy chính là phúc phận của hắn.”\r\nCột sắt mê hoặc nhìn qua phụ mẫu cùng tứ thúc, hắn có chút nghe không hiểu bọn hắn nói cái gì, tiên nhân? Cái gì gọi là tiên nhân? Cột sắt do dự một chút, nhẹ giọng hỏi thăm.\r\nHán tử trung niên sắc mặt nghiêm túc, nhìn qua cột sắt, nói: “Cột sắt a, tiên nhân chính là có thể bay trên trời tới bay đi, mỗi một người bọn hắn đều thần thông quảng đại, không phải chúng ta phàm nhân có thể suy nghĩ.”\r\nCột sắt phụ thân kích động đứng dậy, lôi kéo cột sắt mẹ hắn đối với hán tử trung niên liền muốn cúi đầu, hán tử trung niên vội vàng đem bọn hắn đỡ dậy, thành khẩn nói: “Nhị ca, ngươi làm cái gì vậy. Mẹ ta chết sớm, nếu không phải là Nhị nương hồi nhỏ chiếu cố ta, ta cũng không khả năng có hôm nay, cột sắt là cháu của ta, ta làm như vậy là phải.”\r\nHán tử trung niên kéo cột sắt, tán thưởng nói: “Hảo hài tử, ngươi mấy ngày nay thu thập một chút, ta cuối tháng tới đón ngươi!”\r\nBên cạnh muộn, cột sắt thật sớm nằm ngủ, bên tai còn có thể nghe được trong viện phụ thân cùng tứ thúc âm thanh, phụ thân hôm nay thật cao hứng, rất uống ít rượu hắn, nói cái gì cũng phải cùng tứ thúc uống mấy chén.\r\n“Tiên nhân? Đến cùng là cái gì?” Cột sắt nội tâm rất hưng phấn, hắn ấu tiểu tâm linh mơ hồ biết, cái này chính là chính mình một cái cơ hội, một cái có thể đi thế giới bên ngoài cơ hội!\r\nSáng sớm hôm sau, tứ thúc rời đi, cột sắt phụ mẫu lôi kéo hắn một mực đưa đến cửa thôn, ở trên đường trở về, cột sắt thấy rõ ràng, phụ thân tựa hồ lập tức trẻ rất nhiều, ánh mắt nhìn về phía hắn, cũng tràn đầy mong đợi.\r\nLoại này kỳ vọng ánh mắt, nếu so với trước kia để cho hắn đi trong huyện đại khảo lúc, dày đặc rất nhiều.\r\nTrong Tiểu sơn thôn căn bản không có gì gọi là bí mật, chính là một con chó sinh mấy cái thằng nhãi con cũng có thể trong nháy mắt truyền khắp toàn thôn, rất nhanh người của toàn thôn đều từ trong miệng cột sắt mẫu thân biết tin tức này, nhao nhao tới chơi, mỗi người ánh mắt nhìn về phía cột sắt lúc cũng khác nhau, có hâm mộ, có ghen ghét......\r\nMọi việc như thế mà nói, nhao nhao tràn vào cột sắt trong tai, dần dần nói thành hắn đã trở thành Hằng Nhạc Phái đệ tử đồng dạng, phụ mẫu mỗi lần nghe được, đều cười không khép miệng được, nếp nhăn trên mặt tựa hồ cũng ít đi rất nhiều.\r\nHắn cùng cột sắt mẹ hắn thương lượng một chút, chuẩn bị kỹ càng dễ chiêu đãi một phen, thế là hoa giá tiền rất lớn, thỉnh trong thôn tiên sinh dạy học viết xuống thiếp mời, mang đến trong tộc.\r\nTiên sinh dạy học nói cái gì cũng không lấy tiền, chỉ là yêu cầu cột sắt nhất định phải thừa nhận, hắn từ nhỏ đã tại chính mình ở đây đọc sách, đối với cái này cột sắt không có gì nói, cái này chính là sự thật đi.\r\nThiếp mời đưa đến sau, Vương thị gia tộc trong tộc đại bộ phận thân thích đều tới chúc mừng, bởi vì người tới quá nhiều, cột sắt cha hắn đem chiêu đãi địa điểm tuyển ở trong thôn quảng trường, bày xuống mấy trăm bàn yến hội.\r\n“Đây là ngươi Tam tổ cha, trước đây cha rời khỏi gia tộc, ngươi Tam tổ cha âm thầm giúp đỡ không ít, cột sắt, ngươi về sau phải nhớ báo đáp.” Cột sắt phụ thân đỡ lấy một cái tóc bạc hoa râm lão nhân, đối với Vương Lâm nói.\r\nCột sắt vội vàng khôn khéo đáp dạ, lão nhân nhìn qua cột sắt, cảm khái nói: “Lão nhị a, thời gian thật nhanh, nhà ngươi búp bê đều lớn như vậy, ngươi oa nhi này rất tốt, so ngươi có tiền đồ.”\r\nCột sắt phụ thân hồng quang đầy mặt, cười nói: “Tam tổ cha, cột sắt đứa nhỏ này từ nhỏ đã thông minh, chỉ định là so với ta mạnh hơn a. Ngài chậm một chút đi, mẹ hài nhi, đỡ Tam tổ cha đi qua.”\r\nCột sắt u mê gật đầu một cái, hỏi: “Cha, tứ thúc hôm nay tới sao?”\r\nLúc này, lại có xe ngựa chạy vội mà đến, tại cửa thôn sau khi dừng lại, đi ra một cái hơn 50 tuổi lão giả, hắn quan sát cột sắt phụ thân, than nhẹ một tiếng, nói: “Lão nhị, chúc mừng.”\r\nCột sắt phụ thân sắc mặt phức tạp, sau một hồi nói: “Đại ca......”\r\nLão giả ánh mắt đảo qua, nhìn qua cột sắt, mỉm cười nói: “Lão nhị, đây chính là tiểu tử nhà ngươi a, không tệ, lần này nói không chừng thật có thể được tuyển chọn.”\r\nCột sắt phụ thân lông mày nhíu một cái, sau đó giãn, nói: “Cột sắt đứa nhỏ này không có gì điểm tốt, chính là đánh tiểu thông minh, nguyện ý đọc sách, lần này chỉ định là sẽ bị tuyển chọn.”\r\n“Vậy cũng chưa chắc, tiên nhân môn phái thu lấy đệ tử, yêu cầu vô cùng nghiêm ngặt, xem trọng có tiên hay không duyên, ta xem tiểu tử này đầu chứa nước , đi cũng là không tốt.” Một cái ngạo mạn kiêu ngạo âm thanh ung dung truyền đến, từ trên xe ngựa đi xuống một cái mười sáu mười bảy thiếu niên.\r\nThiếu niên tướng mạo tuấn mỹ, mày kiếm mắt sáng, mặt như Quan Ngọc, ánh mắt lộ ra vẻ khinh miệt.\r\nCột sắt phụ thân trợn mắt nhìn, Vương Lâm thì nhìn thật sâu đối phương một mắt, không nói gì.\r\nLão giả sắc mặt nghiêm một chút, quát lên: “Vương Trác, như thế nào không lễ phép như vậy, đây là nhị thúc của ngươi, đây là đệ đệ ngươi Vương Lâm, còn không thấy lễ.” Nói xong, hắn lại đối cột sắt phụ thân nói: “Khuyển tử nói chuyện khó nghe, lão nhị ngươi chớ để ý, bất quá......” Nói tới chỗ này, hắn lời nói xoay chuyển, lại nói: “Bất quá lão nhị, người tiên nhân này thu đồ, cũng không phải sự tình đơn giản như vậy, cần xem trọng duyên phận, lần này là Hằng Nhạc Phái Đạo Hư thượng tiên coi trọng khuyển tử, thế này mới đúng ta Vương thị gia tộc cảm thấy hứng thú, cho bao quát khuyển tử ở bên trong 3 cái danh ngạch.”\r\nCột sắt phụ thân hừ một tiếng, nói: “Nhà ngươi em bé tất nhiên có thể thực hiện được, nhà ta em bé, nhất định cũng sẽ bị chọn trúng!”\r\nThiếu niên chế nhạo, căn bản cũng không quan tâm lão giả quát tháo, miệt thị nói: “Ngươi chính là Nhị thúc a, ta khuyên ngươi vẫn là đừng hướng về tốt nghĩ, cái này tu tiên cơ chế không nói vạn người không được một cũng gần như, tiểu tử ngốc này không có khả năng cùng bản thiếu gia so, bản thiếu là bị tiên sư dự định đệ tử, hắn có thể so sánh sao?”\r\nLão giả trên mặt vẻ đắc ý chợt lóe lên, lại khiển trách vài câu, đối với cột sắt phụ thân liền ôm quyền, mang theo thiếu niên hướng đi yến hội.\r\n“Cột sắt, đừng có áp lực, nếu là thật không có bị tuyển chọn cũng không tính là cái gì, sang năm đi trong huyện đại khảo cũng giống như vậy.” Cột sắt phụ thân nhẫn nhịn nửa ngày khí, sau một hồi mới trì hoãn dãn ra tới, ngữ trọng tâm trường nói.\r\nVương Lâm ánh mắt kiên định, thấp giọng nói: “Cha, ngươi yên tâm, ta chắc chắn có thể được tuyển chọn!”\r\nCột sắt cha hắn ôn hòa vỗ vỗ nhi tử bả vai, ánh mắt bên trong lộ ra ánh mắt kỳ vọng.\r\nLại lần lượt nghênh đón không thiếu thân thích, cột sắt phụ thân cuối cùng mang theo hắn trở lại yến hội, lúc này khách quý chật nhà, tràng diện phi thường náo nhiệt, đám người lẫn nhau chúc mừng, rộn rộn ràng ràng.\r\n“Trong tộc thân thích nhóm, các phụ lão hương thân, ta Vương Thiên Thủy không có gì văn hóa, sẽ không nói cái gì từ nhi, nhưng mà ta hôm nay cao hứng, nhà ta em bé lần này có cơ hội bị Hằng Nhạc Phái chọn trúng đệ tử, là đời ta cao hứng nhất sự tình, ta nhiều cũng không nói, cảm tạ các vị tới ta chỗ này chúc, cám ơn!” Cột sắt phụ thân nói lớn tiếng xong, bưng chén rượu lên không còn một mảnh.\r\n“Lão nhị, nhà ngươi búp bê từ nhỏ đã thông minh lanh lợi, chắc chắn có thể được tuyển chọn, cùng Vương Trác đứa bé kia một dạng, trở thành tiên nhân.”\r\nTràng diện trong lúc nhất thời rất là gấm phồn, chúc mừng âm thanh nổi lên bốn phía, bất quá vụng trộm, cũng có rất nhiều người ôm xem náo nhiệt tâm tính, tỉ như Vương Trác phụ thân, chính là như thế, hắn mặt ngoài chúc mừng, nội tâm nhưng xưa nay đều xem thường cái này nhị đệ, đối với hắn hài tử thì càng là như thế, hắn quan sát chính nhà mình tiểu tử, lại nhìn một chút cột sắt, nội tâm có phần xem thường, thầm nghĩ lão tứ lần này đem danh ngạch nhường ra, mặc dù ra chính mình đoán trước, nhưng chỉ cần những tiên nhân kia không phải mù lòa, liền không khả năng chọn trúng cột sắt.\r\nNhân sinh muôn màu, nơi đây đám người từng cái có thể thấy được, cột sắt phụ thân lôi kéo cột sắt, lần lượt cái bàn mời rượu, vì hắn giới thiệu cái này đến cái khác xa lạ thân thích.\r\nMột ngày này, cột sắt phụ thân uống rất nhiều rượu, hắn chưa từng có rạng rỡ như vậy qua, mãi cho đến đã khuya, thân thích lần lượt rời đi. Lúc gần đi, thiếu niên Vương Trác y nguyên vẫn là bộ kia xem thường biểu lộ, thừa dịp người không chú ý tại cột sắt bên tai nói khẽ: “Tiểu tử ngốc, ngươi sẽ không bị chọn trúng , ngươi không có nguyên liệu đó.”\r\nCột sắt phụ mẫu vội vàng đem hắn đón vào trong phòng, hán tử trung niên rửa mặt, UUKANSHU đọc sách www.uukanshu.com Vội vàng nói: “Nhị ca, nhị tẩu, lần này không thể chờ thời gian dài, ta nối liền cột sắt lập tức rời đi, sáng sớm ngày mai Hằng Nhạc Phái liền tới đón người .”\r\nCột sắt phụ thân khẽ giật mình, trên mặt lộ ra một tia không muốn chi ý, quả quyết nói: “Đi, cột sắt, đi theo ngươi tứ thúc đi thôi, ngươi...... Ngươi nếu là bị chọn trúng, liền chân thật tại Hằng Nhạc Phái, nếu là...... Nếu là không có bị chọn trúng, đừng có bất luận cái gì gánh vác, về đến nhà tới.”\r\nCột sắt không thôi nhìn qua phụ mẫu, nặng nề gật đầu, mẫu thân hắn từ gian phòng lấy ra một bao khỏa, yêu thương nói: “Cột sắt, ra ngoài muốn nghe tứ thúc lời nói, không nên gây chuyện, bên ngoài không giống như trong nhà, gặp chuyện nhiều nhường nhịn, nương chuẩn bị cho ngươi mấy món quần áo mới, còn có ngươi thích ăn nhất nướng khoai ngọt, nương sẽ nhớ ngươi, nếu là không có bị chọn trúng, liền trở lại......” Cột sắt mẹ hắn nói một chút, nước mắt liền chảy xuống.\r\nTứ thúc ở một bên cảm khái, nói: “Cột sắt, cho ngươi cha mẹ tranh khẩu khí, nhất định muốn được tuyển chọn. Nhị ca, nhị tẩu, gia tộc vài ngày sau sẽ có cỡ lớn chúc mừng chỗ ngồi, hôm nay gấp gáp, ta đến mai tới đón các ngươi cùng đi, gia tộc 3 cái được đề cử đi lên búp bê, khi đó liền có kết quả.”\r\nCột sắt cha mẹ, một mực nhìn qua nhanh chóng biến mất xe ngựa, rơi lệ không ngừng.\r\n“Cha hắn, cột sắt cho tới bây giờ không có rời đi chúng ta bên cạnh, lần này hắn ra ngoài có thể hay không bị khi dễ.” Cột sắt mẹ hắn cắn môi dưới, ánh mắt lộ ra không muốn.\r\n“Búp bê trưởng thành, tự có phúc khí của bọn hắn......” Cột sắt phụ thân cầm lấy tẩu hút thuốc, hít một hơi thật sâu, nếp nhăn trên mặt, lập tức tăng thêm không ít.\r\nCa môn, đừng quên cất giữ!', 6),
(11, 'Chương 1: Tô Minh', 'Xa xa xem xét, trên dãy núi nhô ra bộ phận hợp thành năm tòa sơn phong, như cùng người năm ngón tay nâng lên, muốn bắt hướng lên bầu trời một dạng, trong đó một ngọn núi trung đoạn, một khối lõm đi vào trên tảng đá lớn, có một thiếu niên người đang tựa vào chỗ thoáng mát, bên cạnh để một cái cái gùi, bên trong chất đống một chút dược thảo, tản mát ra từng trận mùi thuốc, lượn lờ bốn phía.\r\nHắn ngồi ở chỗ đó, trong tay cầm một quyển hơn 10 tấm da thú dính chung một chỗ sách da, ở nơi đó say sưa ngon lành, lắc đầu đọc lấy.\r\n“Man tộc có tổ, khai thiên tạo ra con người, còn sót lại muôn đời đến nay...... Cầm man giả xưng Man Sĩ, phi thiên nhập địa di sơn đảo hải...... Có man văn thông thiên, có thể hái nhật nguyệt tinh thần......” Thiếu niên đọc một chút, thở dài.\r\nGió núi thổi tới, cũng đeo một cỗ hơi ẩm, rơi vào trên núi kia rất nhiều cỏ cây trên lá cây, phát ra tiếng vang rào rào.\r\nXa xa xem xét, thiếu niên này thân thể suy nhược, lại là bạo phát ra cực kỳ cứng cỏi sức mạnh, giống như vượn, chỉ nhảy mấy cái, liền trèo ra hơn mười trượng xa.\r\nMây đen ở chân trời, cuồn cuộn mà đến, càng có tiếng oanh minh lượn vòng, phảng phất thiên nộ buông xuống trên dãy núi này, mây đen kia nối liền trời đất, một mảnh đen kịt, đảo mắt lại càng tới càng gần.\r\nTô Minh tay phải nắm dây thừng, tay phải từ phía sau lưng trong gùi lấy ra một cái bình nhỏ cắn ở trên miệng, chậm rãi xê dịch thân thể, hướng về kia quái thạch phương hướng ngược nhau, di động mấy trượng, khiến cho tay phải nắm dây thừng cũng ưu tiên sau khi đứng lên, năm ngón tay chế trụ vách núi, thân thể kề sát, ngẩng đầu nhìn bầu trời mây đen, ánh mắt sáng ngời, không nhúc nhích.\r\nMột lát sau, mây đen ngập đầu, tiếng sấm nổ ầm lên, trong điếc tai nhức óc, cuồng phong thổi loạn, thổi bay vùng núi này giống như đều muốn đột ngột từ mặt đất mọc lên đồng dạng, Tô Minh trong cuồng phong này, chế trụ vách núi năm ngón tay đã trắng bệch, nhưng lại không hề động một chút nào, nhìn hướng thiên không trong hai mắt, lộ ra kiên trì.\r\nCuồng phong kia càng ngày càng lớn, thổi bay vùng núi này cỏ cây, âm thanh như cự thú gầm, càng đem trên dãy núi này vô số cành khô lá nát phần lớn cuốn lên, khiến cho phô thiên cái địa, toàn bộ đều là cỏ cây lá cây đang nhanh chóng bay múa.\r\nThậm chí còn có một chút khối lớn cây khô cùng thú nhỏ, Cũng đều bị sinh sinh cuốn lên, xoay tròn bên trong bị quăng xa xa, phát ra kêu thê lương thảm thiết, cũng bị núp ở trong tiếng gió kia.\r\nTrong cuồng phong này Tô Minh giữ vững được không bao lâu, toàn bộ bầu trời đã bị mây đen che kín, dưới tiếng sấm, giọt mưa lớn như hạt đậu rơi xuống như trút, toàn bộ thiên địa trong nháy mắt này, giống như trở thành bị màn nước che phủ thế giới.\r\nTô Minh nhìn xem một màn này, hai mắt lộ ra nét mừng, nhưng lại vẫn như cũ bất động, mãi đến cái kia tiết ra chất lỏng đen dần dần thưa thớt, cuối cùng bỗng nhiên hóa thành màu vàng trong nháy mắt, Tô Minh hai mắt ngưng lại, không chần chờ chút nào, đột nhiên buông lỏng ra chế trụ núi đá tay phải, thân thể trượt xuống lúc tay phải hắn lập tức từ bên miệng lấy xuống bình nhỏ kia.\r\nTay trái hắn nắm lấy dây thừng vốn là ưu tiên, bây giờ theo tay phải buông ra, cả người giống như tạo nên một dạng, theo dây thừng kia dùng tốc độ cực nhanh thẳng đến cái kia nhô ra đá hình răng nanh mà đi.\r\nBởi đó lúc trước dây thừng nghiêng đường cong cực lớn, lại hắn nắm chắc vị trí lại có chút chính xác, bây giờ cơ hồ là lôi đình oanh minh ở giữa, Tô Minh đã theo dây thừng đi tới như treo lơ lửng giữa trời đá hình răng nanh bên cạnh, tay trái nắm dây thừng, tay phải cầm lọ bằng đất, tới gần nháy mắt, nhanh chóng đặt ở dưới đá hình răng nanh kia, mượn dây thừng kia quanh quẩn đến cực hạn sau một bữa thời gian, sinh sinh tràn đầy hơn phân nửa chai chất lỏng màu vàng.\r\nNhưng vào lúc này, lại nghe từng tiếng hí the thé bỗng nhiên dựng lên, ước chừng bốn, năm đầu chừng lớn bằng cánh tay, nửa trượng trưởng con rết màu đen, bỗng nhiên từ trên quái thạch kia rất nhiều lớn chừng quả đấm trong cửa hang chui ra, dữ tợn thẳng đến cái kia đung đưa giữa không trung Tô Minh đánh tới.\r\nTô Minh không có chút nào ngoài ý muốn, cơ hồ chính là tại những cái kia con rết xuất hiện một cái chớp mắt, hắn lập tức buông lỏng ra tay trái nắm giây thừng, thân thể dùng tốc độ cực nhanh lập tức hạ xuống, tránh đi những con rít kia tấn công.\r\n“Tiểu Hồng!” Tô Minh cả người giữa không trung lao nhanh hạ xuống, cuồng phong kia như dao nhỏ để cho cơ thể trong nháy mắt bị cứng đờ, cứ việc tránh đi những ngô công kia, nhưng hôm nay một khi rơi xuống, sẽ lập tức trở thành thịt nát đồng dạng.\r\nMột người một khỉ, theo dây thừng rơi vào trên vách núi, cũng chính là lúc trước cái kia Tô Minh đi học chỗ sau, cái kia Tô Minh ánh mắt lộ ra khẩn trương, lập tức thu hồi từ đầu đến cuối nắm lấy lọ bằng đất.\r\nCon khỉ nhỏ kia lập tức thần sắc lộ ra cảnh giác, móng vuốt đặt ở sau lưng, gào thét liên tục vài tiếng, Tô Minh thấy thời gian gấp gáp, không cần phải nhiều lời nữa, mà là lập tức hướng về phía trước đi mau mấy bước, thân thể nhảy xuống, nắm lấy từng cái dây thừng, cùng con khỉ nhỏ kia cùng một chỗ phi tốc đi xuống dưới.\r\n“Chia cho ngươi non nửa đều bị ngươi uống, ngươi còn muốn?” Đi ra rừng rậm, Tô Minh toàn thân ướt nhẹp, nhưng lại không để bụng, mà là giống như cười mà không phải cười nhìn xem cái kia một mực theo sau lưng, mong chờ nhìn lấy mình khỉ con.\r\nKhỉ con chớp chớp mắt, gãi gãi khuôn mặt, lộ ra một tia giãy dụa do dự, nhưng rất nhanh nó liền đem trong tay vừa mới nắm lấy cái kia một khối mảnh vụn đen nhánh đưa cho Tô Minh, gào thét liên tục vài câu, biểu đạt ra muốn đổi cái kia ô long tiên ý tứ.\r\n“Tốt a, cho ngươi thêm một chút, bất quá cái này tảng đá vụn ta không cần, ngươi giữ đi.” Tô Minh nở nụ cười, từ trong gùi gỡ xuống bình đất nhỏ kia, đưa cho khỉ con.\r\nCon khỉ nhỏ này vội vàng bắt tới, uống một ngụm, trên mặt lộ ra vẻ say mê, thân thể càng là hoảng du mấy lần sau, đánh ra một cái ợ rượu, cầm trong tay mảnh đá vụn màu đen kia tính cả bình nhỏ đều vứt cho Tô Minh sau, quơ thân thể mấy cái thiểm dược, liền biến mất ở trong rừng.\r\nTô Minh nhìn xem chỉ còn lại gần nửa bình đất, mỉm cười, cũng không để ý liền thả lại gùi sau lưng bên trong, đánh giá đến khối kia tảng đá đen kịt mảnh vụn tới.', 7),
(12, 'Chương 2: Man Khải', 'Nhưng xem toàn thể đứng lên cũng không có chỗ khác thường gì, dáng vẻ rất tầm thường.\r\nDuy nhất có chút kỳ dị, nhưng là làm Tô Minh cầm mảnh vụn lúc, cảm giác bên trên ấm áp, hình như có một cỗ ấm áp chảy vào cơ thể, để cho người ta rất là thoải mái.\r\n“A?” Tô Minh nhìn kỹ lại, nhưng nhìn hồi lâu, cũng không nhìn ra manh mối gì.\r\n“Về nhà!” Thiếu niên bước nhanh chân, hướng về nơi xa một mảnh kia đèn đuốc chi địa, chạy nhanh tới, hắn giờ phút này không có chú ý tới, cái kia trong ngực dán vào ngực mảnh đá vụn, có một vệt hào quang nhỏ yếu lóe lên một cái rồi biến mất.\r\nTheo tới gần, tại trước mắt Tô Minh , đèn đuốc yếu ớt kia dần dần rõ ràng, có thể nhìn thấy đó là một chỗ bị rất nhiều cự mộc xây dựng tường vây vờn quanh mà thành bộ lạc.\r\nPhạm vi không lớn, ước chừng chỉ có mấy trăm người cư trú dáng vẻ, nhưng ở trong mắt Tô Minh, ở đây lại là để cho hắn cảm giác ấm áp. Mơ hồ, còn có từng trận náo nhiệt tiếng hoan hô truyền ra, có thể từ một hàng kia sắp xếp cự mộc tường rào trong khe hở, nhìn thấy bộ lạc ở trung tâm, có một đoàn đống lửa to lớn, bốn phía có rất nhiều tộc nhân, càng có một chút cô gái trong bộ lạc, đối diện đống lửa nhảy múa.\r\nCửa của bộ lạc, đồng dạng là cự mộc tạo thành, lúc mở ra, thường thường là bị mấy cây dây thừng treo lên, bây giờ đóng chặt, bên trên càng có mấy cái thân thể cực kỳ đại hán khôi ngô, mặc áo da thú áo, làn da cực kỳ thô ráp, trên cổ mang theo bạch cốt âm u xuyên, trên lỗ tai càng có cốt hoàn, tràn đầy vẻ hung hãn, ánh mắt lấp lánh nhìn chằm chằm bốn phía, khi thấy nơi xa chạy tới Tô Minh, mấy cái này đại hán đều nhếch miệng nở nụ cười.\r\n“Kéo tô, A Công tìm ngươi một ngày, ngươi như thế nào mới trở về.”\r\n“Vừa mới trời mưa, có phải hay không lại đi đoạt ô long tiên đi.”\r\n“A Công tìm ta? Đem dây thừng ném tới, lần này thu hoạch cũng không tệ lắm.” Tô Minh chạy mau mấy bước, đi tới đại môn kia phía dưới, đắc ý vỗ vỗ lưng sau cái gùi, lớn tiếng hô lên.\r\n“Tiểu oa nhi này thân thể linh hoạt, lòng can đảm càng là không nhỏ, nhiều năm trước liền dám một thân một mình lên Ô Long núi đi hái thuốc, xem ngày sau phần sau thông minh phàm y, nhất định là hắn .”\r\n“Đáng tiếc, hắn không có man thể, bằng không mà nói, nói không chừng có thể trở thành A Công một dạng man y.” Mấy người đại hán nhìn xem đi xa Tô Minh, khẽ than.\r\nTô Minh tiến vào trong bộ lạc, một đường chạy tới, bốn phía cỏ cây trong trạch tử, thường thường có người nhìn thấy hắn sau, đều biết thiện ý hô một tiếng kéo tô.\r\nCách đó không xa, một gian bộ lạc da thú ngoài trướng, còn có một cái năm, sáu tuổi tiểu nữ hài, đang nhìn Tô Minh, trên khuôn mặt non nớt nhỏ nhắn, lộ ra ngọt ngào hồn nhiên mỉm cười, trong ngực của nàng ôm một cái lớn chừng bàn tay màu trắng thú nhỏ, con thú nhỏ này nhìn rất là nhu thuận dịu dàng ngoan ngoãn, bộ dáng phảng phất màu trắng nhung cầu.\r\n“Kéo Tô ca ca, ngươi trảo cho Bì Bì ăn sao.” Cô bé kia nhìn thấy Tô Minh sau, cười khanh khách.\r\nBên ngoài đống lửa, trưng bày một vòng chịu lửa bảng gỗ, phía trên có thật nhiều bị nướng chảy mở khối thịt lớn, tản mát ra từng trận hương khí.\r\nCái kia phụ cận có mấy cái trong tộc thiếu nữ, nhìn thấy chạy tới Tô Minh sau, đều cười chào hỏi, đối với cái bộ lạc này tới nói, mi thanh mục tú Tô Minh, cùng với những cái khác tộc nhân thân có thân thể bên trên chênh lệch, cơ hồ mỗi một cái tộc nhân đều muốn so hắn khôi ngô không thiếu, ngay cả những thiếu nữ này cũng không ngoại lệ.\r\nTrong đám người, ngay phía trước vị trí, ngồi một cái duy nhất mặc không phải da thú, mà là lão giả áo gai thô, lão giả này tóc biên rất nhiều bím tóc nhỏ, nhìn giống như cực kỳ già nua, nhưng hai mắt lại là rất có thần vận, để cho người ta nhìn một trong mắt, giống như liền bị thu lấy đi vào một dạng.\r\nThân phận của hắn hẳn là cực kỳ tôn quý, đang thấp giọng kể cái gì, bốn phía có mấy cái tộc nhân làm bạn, vừa nghe vừa gật đầu, thần sắc cực kỳ cung kính.\r\nNhìn thấy nơi xa chạy tới Tô Minh, lão giả này trên mặt lộ ra mỉm cười, gật đầu một cái, ra hiệu Tô Minh ngồi ở một bên, lại tiếp tục cùng mấy tộc nhân kia nói chuyện với nhau.\r\nMấy tộc nhân kia đồng dạng thấy được Tô Minh, trên mặt nhao nhao lộ ra nụ cười.\r\n“Ta Ô sơn bộ tuy là bộ lạc nhỏ, nhưng dù sao cũng là chính thống Ô Sơn truyền thừa, lần này Phong Quyến bộ lạc man công đại thọ, lại ta cùng với năm đó có một đoạn giao tình, không thể thất lễ.” Lão giả kia chậm rãi mở miệng.\r\n“Đáng tiếc mấy trăm năm trước ta Ô Sơn bộ lạc phân liệt, bây giờ chỉ kéo dài xuống ba mạch, bằng không mà nói, ta Ô sơn bộ cũng là cỡ trung bộ lạc, thống lĩnh phụ cận bát phương lúc, cái kia Phong quyến bộ cũng là quy thuộc, nhưng bây giờ...... Ai.” Người nói chuyện, là một cái hẹn chừng bốn mươi tuổi nam tử, hắn là Ô sơn bộ tộc trưởng, cơ thể khôi ngô, giống như tràn đầy lực bộc phát kinh người, trên cổ cốt vòng bỗng nhiên có 9 cái to bằng ngón tay răng.\r\nNhất là trên mặt của hắn, càng là có một đạo như ẩn như hiện văn, văn kia bộ dáng cực kỳ dữ tợn, tựa như quỷ thần, chỉ có điều rất là mơ hồ, giống như từ đầu đến cuối không cách nào hoàn toàn ngưng kết.\r\nTô Minh nhìn xem cái kia văn, ánh mắt lộ ra hâm mộ, thông qua cuốn da thú kia, khiến cho Tô Minh biết, đó là chưa hình thành man văn, toàn bộ trong bộ lạc, bây giờ không có ai có vẽ xuống man văn khiến cho đọng lại thực lực.\r\nLiền A Công, cũng chỉ là ở vào ngưng kết man huyết tầng thứ chín mà thôi.\r\nNhưng liền xem như dạng này, cũng khiến cho A Công trở thành Ô Sơn phụ cận rất nhiều trong bộ lạc cực mạnh giả, có thể cùng tương đối , chỉ có mặt khác hai mạch phân ly mà ra trước kia đồng tộc bộ lạc, Hắc sơn bộ cùng Ô long bộ.\r\n“Chuyện quá khứ, xách có ích lợi gì, không có khai trần cảnh cường giả thủ hộ, không cách nào trở thành cỡ trung bộ lạc , trước kia Ô sơn bộ hai vị Khai Trần Cảnh tiên tổ tử vong, mới là cuối cùng chia ra căn nguyên chỗ.\r\n“Thôi, các ngươi đi xuống đi, chuẩn bị lễ vật, ngày mai...... Sơn Ngân, ngươi thân là Ô Sơn đội đi săn khôi thủ, liền do ngươi dẫn đội lên đường.” Lão giả kia đứng lên, xem ra một mắt đứng ở đó Ô Sơn bộ lạc tộc trưởng bên cạnh một cái trung niên hán tử sau, quay người rời khỏi nơi này, hướng về nơi xa đi đến.\r\nTrung niên hán tử kia thần sắc bình tĩnh, nghe lời này lập tức khom người dạ.\r\nTô Minh vội vàng đi theo A Công sau lưng, cùng nhau rời đi đống lửa này chỗ nhộn nhịp chi địa.\r\n“Lại đi hái ô long tiên?”\r\nBây giờ cùng lão giả một chỗ, Tô Minh đối với cái này từ nhỏ nhìn mình lớn lên A Công, rất là tôn kính, đem gùi sau lưng thả xuống, hắn cầm lấy bình đất nhỏ kia, đưa cho lão giả.\r\n“Lấy linh hoạt của ngươi, cái kia mấy cái Ô Long thì không cách nào thương tổn ngươi, bất quá vẫn là ít đi cho thỏa đáng...... Nơi đó dù sao cũng thuộc về Hắc sơn bộ cùng Ô long bộ phạm vi.\r\nCái này ô long tiên đối với ta vô dụng, chính ngươi lưu lại tẩm bổ thân thể khỏe mạnh .” Lão giả nhìn xem Tô Minh, thần sắc mang theo hiền lành.\r\nTô Minh gật đầu một cái, đem bình nhỏ này thu hồi, những năm gần đây, vật này hắn uống rất nhiều, cũng chính là bởi vậy, mới có thân thể linh hoạt như vậy.\r\nCàng là nhiều năm qua, A Công thường xuyên cho hắn chế biến một chút nước thuốc, khiến cho hắn cứ việc không có tu man man thể, nhưng lại cũng so bình thường tộc nhân muốn mạnh hơn không thiếu.\r\n“Còn có ba ngày, chính là trong tộc các ngươi cái này đời kéo tô man khải thời điểm, ta nhớ được ngươi cũng đã đến mười sáu tuổi...... Cần phải đi thăm viếng man tượng.” Lão giả nhìn qua Tô Minh, chậm rãi nói.\r\n“Ta Ô Sơn bộ lạc rất giống, là truyền thừa tại trước kia chân chính Ô sơn bộ, cứ việc không phải chủ tượng, còn không cách nào cùng cỡ trung bộ lạc rất giống tương đối, nhưng ở phụ cận tới nói, lại là cực kỳ cường đại.”\r\nTô Minh lại trầm mặc chỉ chốc lát, gật đầu một cái.\r\n“Mấy ngày nay không nên đi ra ngoài, UUKANSHU đọc sách www.uukanshu.com nghỉ ngơi thật khỏe một chút, ba ngày sau cùng bọn hắn cùng đi Man Khải.” Lão giả nói, chậm rãi nhắm hai mắt lại.\r\nTô Minh đứng hồi lâu, xốc gùi lên yên lặng rời đi, hướng đi cách nơi này không xa, đó thuộc về hắn nhà cỏ.\r\nHắn vĩnh viễn cũng sẽ không quên, tại bảy tuổi năm đó, hắn cùng với trong bộ lạc tất cả trẻ nít cùng tuổi cùng một chỗ vờn quanh rất giống, đi tiến hành lần thứ nhất man khải tình cảnh.\r\nThân là người Man tộc, một đời cần kinh lịch hai lần như vỡ lòng tầm thường nghi thức, đây chính là Man Khải, một lần là bảy tuổi, một lần là mười sáu tuổi.\r\nĐồng thời, trong bộ lạc A Công cũng sẽ ở lúc này, mượn rất giống chi lực, lựa chọn ra người có man thể.\r\nThan nhẹ một tiếng, Tô Minh nội tâm nổi lên khổ tâm, hắn khát vọng trở thành tu man Man Sĩ, cái kia trong cuốn da thú từng màn miêu tả, để cho hắn từ nhỏ đã si mê, chỉ là thực tế tàn khốc, lúc hắn bảy tuổi năm đó lần thứ nhất thăm viếng rất giống, rõ ràng hiển lộ ra, hắn không có man thể, không có tu man tư cách.\r\nRất, là cội nguồn bản chất của thế giới này, chỉ có trở thành Man Sĩ, mới có thể tiếu ngạo cửu thiên chi thượng, mới có thể trở thành cường giả chân chính!\r\n“Lần này...... Có thể được sao......” Tô Minh yên lặng về tới nhà của mình, ngồi ở một bên, ngẩn người ra.', 7);

-- --------------------------------------------------------

--
-- Cấu trúc bảng cho bảng `muc_luc_truyen`
--

CREATE TABLE `muc_luc_truyen` (
  `id_muc_luc_truyen` int(11) NOT NULL,
  `ten_truyen` varchar(50) CHARACTER SET utf8 COLLATE utf8_general_ci NOT NULL,
  `id_tac_gia` int(11) DEFAULT NULL,
  `hinh_anh_truyen` varchar(1000) CHARACTER SET utf8 COLLATE utf8_general_ci DEFAULT NULL
) ENGINE=InnoDB DEFAULT CHARSET=utf8 COLLATE=utf8_unicode_ci;

--
-- Đang đổ dữ liệu cho bảng `muc_luc_truyen`
--

INSERT INTO `muc_luc_truyen` (`id_muc_luc_truyen`, `ten_truyen`, `id_tac_gia`, `hinh_anh_truyen`) VALUES
(1, 'Thế Giới Hoàn Mỹ', 1, 'https://bookcover.yuewen.com/qdbimg/349573/2952453/300'),
(2, 'Già Thiên', 1, 'https://bookcover.yuewen.com/qdbimg/349573/1735921/300'),
(3, 'Thần mộ', 1, 'https://bookcover.yuewen.com/qdbimg/349573/63856/300'),
(4, 'Phàm Nhân Tu Tiên', 2, 'https://bookcover.yuewen.com/qdbimg/349573/107580/300'),
(5, 'Nhất Niệm Vĩnh Hằng', 3, 'https://bookcover.yuewen.com/qdbimg/349573/1003354631/300'),
(6, 'Tiên Nghịch', 3, 'https://bookcover.yuewen.com/qdbimg/349573/1264634/300.webp'),
(7, 'Cầu Ma', 3, 'https://bookcover.yuewen.com/qdbimg/349573/2070910/180.webp');

-- --------------------------------------------------------

--
-- Cấu trúc bảng cho bảng `tac_gia`
--

CREATE TABLE `tac_gia` (
  `id_tac_gia` int(11) NOT NULL,
  `ten_tac_gia` varchar(50) CHARACTER SET utf8 COLLATE utf8_general_ci NOT NULL
) ENGINE=InnoDB DEFAULT CHARSET=utf8 COLLATE=utf8_unicode_ci;

--
-- Đang đổ dữ liệu cho bảng `tac_gia`
--

INSERT INTO `tac_gia` (`id_tac_gia`, `ten_tac_gia`) VALUES
(1, 'Thần Đông'),
(2, 'Vong Ngữ'),
(3, 'Nhĩ Căn');

-- --------------------------------------------------------

--
-- Cấu trúc bảng cho bảng `the_loai`
--

CREATE TABLE `the_loai` (
  `id_the_loai` int(11) NOT NULL,
  `ten_the_loai` varchar(50) CHARACTER SET utf8 COLLATE utf8_general_ci NOT NULL,
  `id_muc_luc_truyen` int(11) DEFAULT NULL
) ENGINE=InnoDB DEFAULT CHARSET=utf8 COLLATE=utf8_unicode_ci;

-- --------------------------------------------------------

--
-- Cấu trúc bảng cho bảng `truyen_yeu_thich`
--

CREATE TABLE `truyen_yeu_thich` (
  `id_user` int(11) NOT NULL,
  `id_muc_luc_truyen` int(11) NOT NULL
) ENGINE=InnoDB DEFAULT CHARSET=utf8 COLLATE=utf8_unicode_ci;

--
-- Đang đổ dữ liệu cho bảng `truyen_yeu_thich`
--

INSERT INTO `truyen_yeu_thich` (`id_user`, `id_muc_luc_truyen`) VALUES
(2, 1),
(2, 2),
(2, 3),
(2, 6),
(2, 7);

-- --------------------------------------------------------

--
-- Cấu trúc bảng cho bảng `user`
--

CREATE TABLE `user` (
  `id_user` int(11) NOT NULL,
  `ten_user` varchar(50) CHARACTER SET utf8 COLLATE utf8_general_ci NOT NULL,
  `quyen` varchar(50) CHARACTER SET utf8 COLLATE utf8_general_ci NOT NULL
) ENGINE=InnoDB DEFAULT CHARSET=utf8 COLLATE=utf8_unicode_ci;

--
-- Đang đổ dữ liệu cho bảng `user`
--

INSERT INTO `user` (`id_user`, `ten_user`, `quyen`) VALUES
(1, 'Aizen', 'Admin'),
(2, 'Id2', 'Người dùng');

--
-- Chỉ mục cho các bảng đã đổ
--

--
-- Chỉ mục cho bảng `chuong_truyen`
--
ALTER TABLE `chuong_truyen`
  ADD PRIMARY KEY (`id_chuong`),
  ADD KEY `id_muc_luc_truyen` (`id_muc_luc_truyen`);

--
-- Chỉ mục cho bảng `muc_luc_truyen`
--
ALTER TABLE `muc_luc_truyen`
  ADD PRIMARY KEY (`id_muc_luc_truyen`),
  ADD KEY `id_tac_gia` (`id_tac_gia`);

--
-- Chỉ mục cho bảng `tac_gia`
--
ALTER TABLE `tac_gia`
  ADD PRIMARY KEY (`id_tac_gia`);

--
-- Chỉ mục cho bảng `the_loai`
--
ALTER TABLE `the_loai`
  ADD PRIMARY KEY (`id_the_loai`),
  ADD KEY `id_muc_luc_truyen` (`id_muc_luc_truyen`);

--
-- Chỉ mục cho bảng `truyen_yeu_thich`
--
ALTER TABLE `truyen_yeu_thich`
  ADD PRIMARY KEY (`id_user`,`id_muc_luc_truyen`),
  ADD KEY `id_muc_luc_truyen` (`id_muc_luc_truyen`);

--
-- Chỉ mục cho bảng `user`
--
ALTER TABLE `user`
  ADD PRIMARY KEY (`id_user`);

--
-- AUTO_INCREMENT cho các bảng đã đổ
--

--
-- AUTO_INCREMENT cho bảng `chuong_truyen`
--
ALTER TABLE `chuong_truyen`
  MODIFY `id_chuong` int(11) NOT NULL AUTO_INCREMENT, AUTO_INCREMENT=13;

--
-- AUTO_INCREMENT cho bảng `muc_luc_truyen`
--
ALTER TABLE `muc_luc_truyen`
  MODIFY `id_muc_luc_truyen` int(11) NOT NULL AUTO_INCREMENT, AUTO_INCREMENT=8;

--
-- AUTO_INCREMENT cho bảng `tac_gia`
--
ALTER TABLE `tac_gia`
  MODIFY `id_tac_gia` int(11) NOT NULL AUTO_INCREMENT, AUTO_INCREMENT=4;

--
-- AUTO_INCREMENT cho bảng `the_loai`
--
ALTER TABLE `the_loai`
  MODIFY `id_the_loai` int(11) NOT NULL AUTO_INCREMENT;

--
-- AUTO_INCREMENT cho bảng `user`
--
ALTER TABLE `user`
  MODIFY `id_user` int(11) NOT NULL AUTO_INCREMENT, AUTO_INCREMENT=3;

--
-- Các ràng buộc cho các bảng đã đổ
--

--
-- Các ràng buộc cho bảng `chuong_truyen`
--
ALTER TABLE `chuong_truyen`
  ADD CONSTRAINT `chuong_truyen_ibfk_1` FOREIGN KEY (`id_muc_luc_truyen`) REFERENCES `muc_luc_truyen` (`id_muc_luc_truyen`) ON DELETE CASCADE;

--
-- Các ràng buộc cho bảng `muc_luc_truyen`
--
ALTER TABLE `muc_luc_truyen`
  ADD CONSTRAINT `muc_luc_truyen_ibfk_1` FOREIGN KEY (`id_tac_gia`) REFERENCES `tac_gia` (`id_tac_gia`) ON DELETE CASCADE;

--
-- Các ràng buộc cho bảng `the_loai`
--
ALTER TABLE `the_loai`
  ADD CONSTRAINT `the_loai_ibfk_1` FOREIGN KEY (`id_muc_luc_truyen`) REFERENCES `muc_luc_truyen` (`id_muc_luc_truyen`) ON DELETE CASCADE;

--
-- Các ràng buộc cho bảng `truyen_yeu_thich`
--
ALTER TABLE `truyen_yeu_thich`
  ADD CONSTRAINT `truyen_yeu_thich_ibfk_1` FOREIGN KEY (`id_user`) REFERENCES `user` (`id_user`) ON DELETE CASCADE,
  ADD CONSTRAINT `truyen_yeu_thich_ibfk_2` FOREIGN KEY (`id_muc_luc_truyen`) REFERENCES `muc_luc_truyen` (`id_muc_luc_truyen`) ON DELETE CASCADE;
COMMIT;

/*!40101 SET CHARACTER_SET_CLIENT=@OLD_CHARACTER_SET_CLIENT */;
/*!40101 SET CHARACTER_SET_RESULTS=@OLD_CHARACTER_SET_RESULTS */;
/*!40101 SET COLLATION_CONNECTION=@OLD_COLLATION_CONNECTION */;
